akses_id,user_id,produk_id,tanggal,watch_time,platform_device
AKS00001,USR0034,PRD013,2025-05-02,1.13,android
AKS00002,USR0175,PRD006,2025-11-16,1.21,ios
AKS00003,USR0005,PRD019,2024-07-24,0.52,ios
AKS00004,USR0011,PRD002,2025-12-15,1.1,web
AKS00005,USR0161,PRD023,2025-09-02,1.65,web
AKS00006,USR0180,PRD013,2025-01-24,1.46,android
AKS00007,USR0158,PRD005,2024-03-11,0.63,ios
AKS00008,USR0131,PRD007,2025-12-17,1.71,android
AKS00009,USR0084,PRD013,2025-12-04,0.97,web
AKS00010,USR0187,PRD008,2025-10-24,0.87,web
AKS00011,USR0030,PRD015,2025-01-27,1.41,web
AKS00012,USR0171,PRD024,2025-10-09,1.61,ios
AKS00013,USR0004,PRD023,2023-10-14,1.55,ios
AKS00014,USR0128,PRD012,2024-08-05,0.75,ios
AKS00015,USR0192,PRD025,2024-05-30,1.6,ios
AKS00016,USR0198,PRD001,2025-11-10,1.71,web
AKS00017,USR0135,PRD003,2025-12-12,1.57,android
AKS00018,USR0161,PRD003,2025-08-28,1.18,web
AKS00019,USR0015,PRD016,2025-09-27,1.05,web
AKS00020,USR0198,PRD004,2025-12-11,1.51,ios
AKS00021,USR0059,PRD024,2025-05-29,0.5,ios
AKS00022,USR0063,PRD002,2025-10-20,1.05,ios
AKS00023,USR0046,PRD002,2025-12-02,1.7,android
AKS00024,USR0190,PRD021,2025-01-23,0.84,ios
AKS00025,USR0107,PRD024,2025-01-18,0.91,ios
AKS00026,USR0147,PRD012,2025-08-17,1.25,ios
AKS00027,USR0046,PRD008,2025-11-28,1.97,web
AKS00028,USR0018,PRD015,2025-09-28,1.66,web
AKS00029,USR0084,PRD003,2025-12-29,0.51,ios
AKS00030,USR0075,PRD019,2024-09-29,1.61,ios
AKS00031,USR0119,PRD012,2025-11-03,2.0,ios
AKS00032,USR0188,PRD018,2025-03-08,0.73,web
AKS00033,USR0007,PRD008,2025-02-13,1.45,android
AKS00034,USR0225,PRD001,2025-11-25,0.5,android
AKS00035,USR0097,PRD024,2025-06-12,0.96,ios
AKS00036,USR0136,PRD008,2025-09-26,1.24,ios
AKS00037,USR0249,PRD005,2025-08-16,0.64,ios
AKS00038,USR0230,PRD017,2024-11-22,1.55,web
AKS00039,USR0118,PRD024,2025-06-17,1.37,android
AKS00040,USR0035,PRD021,2025-12-04,0.61,android
AKS00041,USR0016,PRD014,2025-07-01,1.95,ios
AKS00042,USR0075,PRD009,2024-10-10,1.89,web
AKS00043,USR0180,PRD024,2025-05-29,0.98,web
AKS00044,USR0060,PRD003,2024-12-17,0.7,android
AKS00045,USR0028,PRD005,2024-11-23,0.75,web
AKS00046,USR0081,PRD014,2024-10-28,1.3,ios
AKS00047,USR0116,PRD010,2025-12-01,0.9,ios
AKS00048,USR0024,PRD006,2025-09-14,1.53,android
AKS00049,USR0179,PRD020,2025-06-21,0.82,web
AKS00050,USR0038,PRD003,2025-08-09,1.95,web
AKS00051,USR0132,PRD002,2025-06-30,0.89,ios
AKS00052,USR0008,PRD013,2025-06-14,1.33,android
AKS00053,USR0064,PRD004,2024-10-24,0.65,ios
AKS00054,USR0032,PRD001,2023-07-21,1.75,ios
AKS00055,USR0034,PRD007,2024-11-11,1.06,android
AKS00056,USR0241,PRD021,2024-10-23,1.37,web
AKS00057,USR0235,PRD003,2025-04-04,2.0,ios
AKS00058,USR0232,PRD021,2025-09-03,1.71,ios
AKS00059,USR0232,PRD011,2025-03-22,0.56,web
AKS00060,USR0013,PRD006,2025-03-22,1.15,android
AKS00061,USR0102,PRD016,2025-12-23,1.07,web
AKS00062,USR0045,PRD012,2025-02-01,1.86,web
AKS00063,USR0072,PRD015,2025-06-27,0.55,android
AKS00064,USR0158,PRD008,2025-03-24,0.94,web
AKS00065,USR0226,PRD018,2025-08-24,0.59,web
AKS00066,USR0099,PRD005,2025-05-19,0.8,android
AKS00067,USR0064,PRD021,2025-10-07,1.32,ios
AKS00068,USR0098,PRD023,2025-08-27,1.22,web
AKS00069,USR0089,PRD019,2025-10-30,0.98,web
AKS00070,USR0047,PRD001,2024-03-21,1.4,ios
AKS00071,USR0230,PRD025,2024-07-10,0.59,web
AKS00072,USR0136,PRD012,2025-12-24,1.38,ios
AKS00073,USR0250,PRD006,2023-10-17,0.87,ios
AKS00074,USR0069,PRD018,2025-11-23,0.58,ios
AKS00075,USR0148,PRD013,2024-09-02,1.9,ios
AKS00076,USR0046,PRD008,2025-12-07,0.98,android
AKS00077,USR0179,PRD012,2025-11-09,0.54,android
AKS00078,USR0091,PRD019,2025-05-25,0.71,ios
AKS00079,USR0215,PRD016,2025-07-12,0.96,web
AKS00080,USR0010,PRD003,2024-08-22,0.85,ios
AKS00081,USR0006,PRD017,2025-07-27,0.5,android
AKS00082,USR0052,PRD005,2024-05-30,1.58,web
AKS00083,USR0016,PRD001,2024-01-21,1.38,ios
AKS00084,USR0199,PRD004,2025-08-07,1.79,ios
AKS00085,USR0096,PRD023,2025-09-06,1.09,ios
AKS00086,USR0087,PRD010,2025-03-09,0.7,ios
AKS00087,USR0188,PRD014,2025-11-10,1.47,ios
AKS00088,USR0182,PRD018,2025-12-28,1.68,ios
AKS00089,USR0171,PRD019,2024-06-02,1.07,android
AKS00090,USR0177,PRD010,2024-11-12,0.77,ios
AKS00091,USR0243,PRD023,2025-02-24,1.09,android
AKS00092,USR0009,PRD006,2025-11-28,1.88,android
AKS00093,USR0057,PRD021,2024-10-11,1.91,ios
AKS00094,USR0085,PRD024,2025-06-21,0.86,web
AKS00095,USR0043,PRD021,2025-05-27,1.73,android
AKS00096,USR0164,PRD024,2025-02-14,1.17,web
AKS00097,USR0054,PRD008,2024-09-04,1.03,ios
AKS00098,USR0185,PRD001,2023-04-11,1.08,android
AKS00099,USR0108,PRD006,2025-12-06,1.12,web
AKS00100,USR0090,PRD018,2025-03-19,0.65,web
AKS00101,USR0202,PRD019,2025-09-11,1.64,ios
AKS00102,USR0042,PRD015,2023-06-30,1.7,ios
AKS00103,USR0076,PRD001,2025-11-10,0.89,ios
AKS00104,USR0019,PRD011,2024-06-23,1.83,ios
AKS00105,USR0188,PRD003,2024-10-03,1.01,android
AKS00106,USR0229,PRD016,2025-12-18,0.55,android
AKS00107,USR0043,PRD020,2025-11-20,0.74,ios
AKS00108,USR0085,PRD007,2025-07-20,1.11,android
AKS00109,USR0185,PRD024,2024-06-29,1.49,web
AKS00110,USR0061,PRD004,2023-10-14,1.09,android
AKS00111,USR0216,PRD016,2025-05-11,0.58,ios
AKS00112,USR0110,PRD003,2025-09-11,1.74,android
AKS00113,USR0154,PRD016,2024-04-07,0.65,ios
AKS00114,USR0044,PRD021,2024-02-23,1.97,web
AKS00115,USR0217,PRD004,2024-08-31,1.68,web
AKS00116,USR0126,PRD022,2025-03-06,0.64,android
AKS00117,USR0100,PRD006,2025-04-07,1.83,web
AKS00118,USR0048,PRD015,2024-10-26,0.89,web
AKS00119,USR0068,PRD008,2024-08-03,1.35,ios
AKS00120,USR0193,PRD023,2025-07-27,0.65,android
AKS00121,USR0089,PRD018,2025-09-14,1.96,android
AKS00122,USR0059,PRD018,2024-10-12,1.76,android
AKS00123,USR0108,PRD018,2025-05-18,1.8,web
AKS00124,USR0147,PRD008,2025-11-16,0.95,web
AKS00125,USR0232,PRD023,2025-02-05,1.25,android
AKS00126,USR0205,PRD019,2025-12-29,0.72,web
AKS00127,USR0045,PRD006,2025-01-29,1.71,ios
AKS00128,USR0011,PRD014,2025-06-16,1.98,web
AKS00129,USR0052,PRD021,2023-11-15,1.75,web
AKS00130,USR0082,PRD024,2025-11-21,0.6,web
AKS00131,USR0143,PRD013,2025-11-23,0.99,web
AKS00132,USR0134,PRD015,2025-08-02,1.68,android
AKS00133,USR0151,PRD017,2025-10-03,1.13,web
AKS00134,USR0039,PRD005,2025-08-30,1.38,ios
AKS00135,USR0237,PRD004,2025-11-08,1.67,web
AKS00136,USR0223,PRD018,2025-11-21,1.02,web
AKS00137,USR0068,PRD013,2025-09-02,1.23,android
AKS00138,USR0122,PRD002,2023-10-10,0.91,ios
AKS00139,USR0159,PRD020,2025-09-29,1.54,ios
AKS00140,USR0102,PRD011,2025-12-26,0.57,web
AKS00141,USR0236,PRD009,2025-03-01,0.53,web
AKS00142,USR0080,PRD009,2025-07-18,1.79,android
AKS00143,USR0026,PRD008,2025-09-17,0.95,android
AKS00144,USR0114,PRD025,2025-02-18,0.9,web
AKS00145,USR0155,PRD021,2023-07-27,0.78,ios
AKS00146,USR0234,PRD014,2025-12-19,1.64,web
AKS00147,USR0211,PRD002,2024-12-29,1.69,ios
AKS00148,USR0080,PRD023,2025-07-26,1.11,android
AKS00149,USR0226,PRD019,2025-01-05,0.76,ios
AKS00150,USR0215,PRD002,2024-09-15,0.55,ios
AKS00151,USR0236,PRD012,2024-03-11,0.91,web
AKS00152,USR0130,PRD013,2025-07-31,1.88,android
AKS00153,USR0008,PRD008,2025-03-24,1.23,web
AKS00154,USR0046,PRD016,2025-12-07,1.33,web
AKS00155,USR0042,PRD009,2023-08-04,0.93,web
AKS00156,USR0013,PRD006,2025-03-20,1.67,ios
AKS00157,USR0220,PRD008,2025-08-01,0.84,ios
AKS00158,USR0069,PRD021,2024-12-23,1.27,android
AKS00159,USR0003,PRD016,2025-03-05,1.47,android
AKS00160,USR0206,PRD001,2024-06-29,0.88,web
AKS00161,USR0183,PRD023,2025-01-03,0.91,web
AKS00162,USR0219,PRD012,2025-03-04,0.88,web
AKS00163,USR0078,PRD022,2025-07-17,1.74,web
AKS00164,USR0150,PRD004,2025-12-10,1.27,android
AKS00165,USR0248,PRD012,2025-11-05,1.47,android
AKS00166,USR0073,PRD010,2025-10-29,0.66,ios
AKS00167,USR0087,PRD009,2025-08-18,0.99,web
AKS00168,USR0067,PRD021,2025-11-23,1.93,android
AKS00169,USR0077,PRD007,2024-12-02,1.28,ios
AKS00170,USR0231,PRD002,2025-11-22,1.79,android
AKS00171,USR0104,PRD022,2025-10-09,1.52,android
AKS00172,USR0007,PRD021,2025-12-19,2.0,web
AKS00173,USR0233,PRD014,2025-07-29,1.08,ios
AKS00174,USR0150,PRD023,2025-12-28,1.72,web
AKS00175,USR0186,PRD023,2023-12-05,1.53,android
AKS00176,USR0201,PRD016,2025-08-25,1.26,ios
AKS00177,USR0216,PRD022,2025-12-04,0.77,ios
AKS00178,USR0121,PRD005,2025-11-18,0.89,android
AKS00179,USR0196,PRD006,2025-06-27,1.48,ios
AKS00180,USR0091,PRD008,2025-08-26,1.81,web
AKS00181,USR0202,PRD011,2025-04-21,0.89,web
AKS00182,USR0119,PRD004,2025-10-10,0.58,android
AKS00183,USR0150,PRD019,2025-12-29,0.61,ios
AKS00184,USR0129,PRD004,2025-03-07,1.29,web
AKS00185,USR0014,PRD005,2025-06-18,1.99,web
AKS00186,USR0105,PRD019,2025-11-01,0.71,android
AKS00187,USR0047,PRD025,2023-07-21,1.23,android
AKS00188,USR0046,PRD011,2025-12-13,0.59,web
AKS00189,USR0071,PRD007,2024-11-14,1.36,ios
AKS00190,USR0126,PRD025,2024-09-06,0.69,web
AKS00191,USR0163,PRD014,2024-06-20,1.14,web
AKS00192,USR0099,PRD001,2023-03-30,1.3,android
AKS00193,USR0096,PRD001,2024-09-22,1.64,android
AKS00194,USR0049,PRD001,2025-12-23,1.44,ios
AKS00195,USR0058,PRD023,2025-07-21,0.97,ios
AKS00196,USR0099,PRD017,2024-09-29,0.75,ios
AKS00197,USR0077,PRD010,2025-05-08,1.59,android
AKS00198,USR0135,PRD011,2025-12-17,1.83,ios
AKS00199,USR0088,PRD016,2025-02-27,1.63,ios
AKS00200,USR0243,PRD013,2023-08-07,0.84,android
AKS00201,USR0034,PRD007,2025-10-18,0.53,android
AKS00202,USR0044,PRD004,2024-05-10,1.57,ios
AKS00203,USR0097,PRD021,2024-02-15,1.66,android
AKS00204,USR0013,PRD020,2023-10-01,1.49,android
AKS00205,USR0215,PRD001,2024-02-22,1.53,web
AKS00206,USR0114,PRD013,2024-07-31,1.32,web
AKS00207,USR0180,PRD005,2025-03-28,1.54,android
AKS00208,USR0003,PRD010,2025-07-31,1.49,android
AKS00209,USR0134,PRD009,2025-09-03,1.13,ios
AKS00210,USR0131,PRD024,2024-12-17,0.68,ios
AKS00211,USR0201,PRD004,2025-11-04,0.8,ios
AKS00212,USR0200,PRD009,2025-12-20,1.28,ios
AKS00213,USR0092,PRD023,2025-10-05,0.94,ios
AKS00214,USR0141,PRD016,2025-02-16,1.53,web
AKS00215,USR0085,PRD008,2025-06-02,0.52,ios
AKS00216,USR0233,PRD004,2025-10-28,0.72,ios
AKS00217,USR0200,PRD017,2024-11-28,1.59,ios
AKS00218,USR0232,PRD009,2025-12-14,0.85,web
AKS00219,USR0068,PRD015,2023-12-23,0.65,ios
AKS00220,USR0224,PRD002,2025-08-16,1.04,android
AKS00221,USR0081,PRD014,2024-10-23,0.64,ios
AKS00222,USR0003,PRD005,2025-12-02,1.47,web
AKS00223,USR0092,PRD015,2025-11-29,0.9,android
AKS00224,USR0024,PRD012,2025-09-22,1.01,ios
AKS00225,USR0103,PRD013,2025-12-30,1.18,web
AKS00226,USR0177,PRD016,2025-09-09,1.47,ios
AKS00227,USR0029,PRD005,2025-11-28,1.97,ios
AKS00228,USR0027,PRD014,2025-10-14,1.22,android
AKS00229,USR0174,PRD015,2023-12-16,1.42,web
AKS00230,USR0157,PRD001,2025-12-24,1.53,android
AKS00231,USR0250,PRD005,2024-11-12,1.88,ios
AKS00232,USR0228,PRD014,2024-10-11,0.57,web
AKS00233,USR0168,PRD011,2025-07-21,1.56,android
AKS00234,USR0135,PRD025,2025-12-27,1.36,android
AKS00235,USR0058,PRD022,2025-07-18,1.28,android
AKS00236,USR0180,PRD020,2025-01-30,1.15,android
AKS00237,USR0064,PRD016,2024-06-27,1.5,android
AKS00238,USR0099,PRD005,2023-05-03,0.52,ios
AKS00239,USR0130,PRD016,2025-11-19,1.24,ios
AKS00240,USR0020,PRD025,2025-12-06,0.98,web
AKS00241,USR0249,PRD009,2025-04-20,1.26,android
AKS00242,USR0165,PRD013,2025-06-22,1.73,ios
AKS00243,USR0118,PRD015,2025-12-18,1.36,ios
AKS00244,USR0220,PRD016,2025-04-20,0.97,web
AKS00245,USR0191,PRD021,2025-04-24,0.65,web
AKS00246,USR0010,PRD018,2024-06-26,1.74,android
AKS00247,USR0247,PRD020,2025-12-07,0.96,android
AKS00248,USR0144,PRD007,2025-08-27,1.93,web
AKS00249,USR0212,PRD002,2024-07-22,1.77,web
AKS00250,USR0144,PRD025,2025-09-30,1.57,web
AKS00251,USR0184,PRD015,2024-12-21,0.65,android
AKS00252,USR0057,PRD001,2025-06-11,1.03,android
AKS00253,USR0247,PRD010,2025-11-14,1.28,android
AKS00254,USR0028,PRD002,2024-12-23,1.24,android
AKS00255,USR0191,PRD024,2025-11-10,0.66,android
AKS00256,USR0051,PRD007,2024-01-04,1.9,web
AKS00257,USR0056,PRD015,2025-11-14,1.67,android
AKS00258,USR0087,PRD004,2025-10-17,1.12,android
AKS00259,USR0215,PRD022,2025-08-28,0.68,web
AKS00260,USR0118,PRD022,2025-10-24,1.93,ios
AKS00261,USR0247,PRD016,2025-06-28,1.3,ios
AKS00262,USR0142,PRD014,2025-12-29,1.22,android
AKS00263,USR0200,PRD006,2025-10-10,1.37,android
AKS00264,USR0209,PRD005,2023-06-29,1.08,android
AKS00265,USR0156,PRD011,2025-10-28,1.82,web
AKS00266,USR0156,PRD023,2025-08-23,0.91,web
AKS00267,USR0249,PRD010,2025-11-12,1.71,ios
AKS00268,USR0106,PRD020,2025-10-10,0.95,android
AKS00269,USR0141,PRD011,2025-02-26,0.8,android
AKS00270,USR0183,PRD010,2025-02-17,1.02,android
AKS00271,USR0034,PRD023,2025-07-24,1.96,ios
AKS00272,USR0129,PRD018,2025-11-24,0.98,ios
AKS00273,USR0195,PRD012,2025-05-21,1.22,android
AKS00274,USR0242,PRD022,2025-03-30,1.13,android
AKS00275,USR0229,PRD018,2025-09-02,1.82,web
AKS00276,USR0207,PRD001,2025-12-17,0.66,web
AKS00277,USR0038,PRD002,2025-05-02,0.8,ios
AKS00278,USR0074,PRD022,2025-03-19,0.72,ios
AKS00279,USR0177,PRD010,2025-01-29,1.63,ios
AKS00280,USR0092,PRD015,2025-07-19,1.42,android
AKS00281,USR0190,PRD018,2024-07-07,1.61,android
AKS00282,USR0100,PRD008,2025-08-29,1.68,android
AKS00283,USR0074,PRD023,2025-10-17,0.57,web
AKS00284,USR0100,PRD014,2025-02-07,1.95,ios
AKS00285,USR0004,PRD024,2024-02-08,0.8,web
AKS00286,USR0213,PRD008,2025-09-15,1.56,android
AKS00287,USR0095,PRD025,2025-12-19,1.32,android
AKS00288,USR0051,PRD025,2025-09-14,1.95,web
AKS00289,USR0115,PRD006,2025-12-17,0.61,ios
AKS00290,USR0189,PRD017,2025-10-04,1.07,web
AKS00291,USR0072,PRD018,2025-08-25,0.7,android
AKS00292,USR0217,PRD009,2023-10-26,1.0,android
AKS00293,USR0240,PRD005,2024-05-08,0.73,web
AKS00294,USR0153,PRD002,2025-06-04,1.9,android
AKS00295,USR0216,PRD022,2025-07-26,1.24,android
AKS00296,USR0141,PRD012,2024-10-01,1.68,web
AKS00297,USR0135,PRD008,2025-12-09,1.28,android
AKS00298,USR0041,PRD014,2024-12-11,1.31,ios
AKS00299,USR0090,PRD008,2025-12-04,0.82,web
AKS00300,USR0085,PRD012,2025-08-16,0.83,android
AKS00301,USR0136,PRD016,2025-11-01,1.74,android
AKS00302,USR0003,PRD004,2025-12-05,1.02,ios
AKS00303,USR0232,PRD021,2025-11-29,1.88,ios
AKS00304,USR0246,PRD002,2025-09-26,1.07,ios
AKS00305,USR0099,PRD009,2024-08-13,0.54,android
AKS00306,USR0211,PRD025,2024-08-07,1.27,android
AKS00307,USR0115,PRD016,2025-09-26,0.94,android
AKS00308,USR0050,PRD011,2024-10-28,0.62,ios
AKS00309,USR0043,PRD025,2025-04-15,1.44,ios
AKS00310,USR0172,PRD021,2025-11-12,0.82,android
AKS00311,USR0109,PRD004,2024-06-06,1.31,android
AKS00312,USR0225,PRD024,2025-12-08,1.47,ios
AKS00313,USR0192,PRD022,2024-02-02,0.54,android
AKS00314,USR0085,PRD002,2025-06-24,0.61,ios
AKS00315,USR0204,PRD009,2025-08-22,0.61,ios
AKS00316,USR0234,PRD009,2025-11-29,1.08,android
AKS00317,USR0104,PRD014,2025-10-09,0.53,android
AKS00318,USR0031,PRD018,2024-04-02,1.46,android
AKS00319,USR0017,PRD025,2025-12-13,1.38,android
AKS00320,USR0218,PRD003,2025-06-07,1.89,ios
AKS00321,USR0075,PRD022,2024-09-26,1.41,web
AKS00322,USR0196,PRD015,2025-08-13,1.09,android
AKS00323,USR0008,PRD016,2024-08-15,1.3,ios
AKS00324,USR0192,PRD013,2025-11-21,1.7,android
AKS00325,USR0076,PRD021,2025-09-26,0.95,android
AKS00326,USR0166,PRD012,2023-01-28,1.33,android
AKS00327,USR0037,PRD004,2023-06-02,0.51,android
AKS00328,USR0101,PRD018,2025-12-06,1.92,web
AKS00329,USR0054,PRD024,2025-06-14,0.82,android
AKS00330,USR0218,PRD017,2024-10-29,0.74,ios
AKS00331,USR0158,PRD009,2023-12-16,0.67,android
AKS00332,USR0205,PRD019,2025-08-06,1.78,android
AKS00333,USR0119,PRD021,2025-12-30,0.61,android
AKS00334,USR0018,PRD009,2025-08-12,0.8,android
AKS00335,USR0125,PRD011,2025-10-11,0.69,android
AKS00336,USR0061,PRD004,2024-06-11,1.43,ios
AKS00337,USR0082,PRD016,2025-05-22,0.99,android
AKS00338,USR0079,PRD023,2024-12-28,1.35,web
AKS00339,USR0207,PRD011,2025-10-30,0.75,web
AKS00340,USR0064,PRD008,2025-07-07,1.61,web
AKS00341,USR0071,PRD012,2024-10-10,1.52,web
AKS00342,USR0225,PRD016,2025-12-12,1.17,web
AKS00343,USR0125,PRD018,2025-09-09,0.76,android
AKS00344,USR0021,PRD009,2024-04-18,1.84,ios
AKS00345,USR0068,PRD024,2025-08-04,0.61,ios
AKS00346,USR0229,PRD001,2025-10-28,1.45,android
AKS00347,USR0149,PRD013,2025-09-10,0.82,ios
AKS00348,USR0142,PRD009,2025-11-16,1.84,android
AKS00349,USR0121,PRD021,2025-11-27,0.72,web
AKS00350,USR0058,PRD025,2025-11-23,1.6,web
AKS00351,USR0035,PRD015,2025-09-18,1.1,android
AKS00352,USR0003,PRD022,2025-04-29,1.77,android
AKS00353,USR0176,PRD006,2025-09-21,0.71,ios
AKS00354,USR0046,PRD019,2025-12-04,1.49,ios
AKS00355,USR0189,PRD024,2025-11-19,1.91,ios
AKS00356,USR0057,PRD025,2025-11-08,0.85,web
AKS00357,USR0095,PRD008,2024-06-08,1.5,android
AKS00358,USR0233,PRD012,2025-07-12,1.2,web
AKS00359,USR0226,PRD002,2025-01-11,1.97,web
AKS00360,USR0027,PRD023,2025-09-26,1.45,web
AKS00361,USR0214,PRD024,2025-08-07,1.37,android
AKS00362,USR0045,PRD013,2025-07-19,1.05,android
AKS00363,USR0230,PRD003,2025-03-09,0.88,ios
AKS00364,USR0133,PRD013,2025-08-08,1.73,web
AKS00365,USR0125,PRD016,2025-12-18,1.41,android
AKS00366,USR0226,PRD005,2025-08-04,0.75,ios
AKS00367,USR0132,PRD021,2025-06-20,0.82,ios
AKS00368,USR0041,PRD012,2025-02-09,1.58,ios
AKS00369,USR0170,PRD008,2024-12-30,1.72,android
AKS00370,USR0030,PRD016,2025-04-02,1.22,ios
AKS00371,USR0152,PRD006,2025-05-19,0.53,ios
AKS00372,USR0033,PRD019,2025-12-29,0.74,android
AKS00373,USR0132,PRD002,2025-11-17,0.72,ios
AKS00374,USR0067,PRD006,2025-10-04,1.94,android
AKS00375,USR0249,PRD019,2025-04-04,1.82,android
AKS00376,USR0170,PRD010,2024-01-28,0.82,android
AKS00377,USR0121,PRD016,2025-06-25,0.83,web
AKS00378,USR0154,PRD005,2025-12-07,1.37,ios
AKS00379,USR0160,PRD022,2025-02-04,0.9,android
AKS00380,USR0176,PRD011,2025-07-21,1.39,ios
AKS00381,USR0059,PRD013,2025-03-27,0.7,ios
AKS00382,USR0052,PRD017,2025-11-13,1.86,android
AKS00383,USR0108,PRD005,2025-02-24,0.64,web
AKS00384,USR0231,PRD020,2025-09-30,0.56,android
AKS00385,USR0129,PRD025,2024-06-10,0.64,android
AKS00386,USR0034,PRD020,2025-04-02,1.74,android
AKS00387,USR0167,PRD014,2025-07-16,1.06,ios
AKS00388,USR0179,PRD017,2025-09-28,0.84,web
AKS00389,USR0203,PRD025,2024-12-02,1.03,android
AKS00390,USR0233,PRD025,2024-09-18,1.14,web
AKS00391,USR0123,PRD025,2023-11-17,1.87,ios
AKS00392,USR0073,PRD020,2025-06-07,1.11,ios
AKS00393,USR0002,PRD023,2025-07-18,1.37,ios
AKS00394,USR0134,PRD001,2025-11-03,1.48,android
AKS00395,USR0206,PRD011,2025-01-04,1.04,ios
AKS00396,USR0110,PRD021,2025-08-21,0.89,android
AKS00397,USR0109,PRD019,2024-11-17,1.42,android
AKS00398,USR0102,PRD025,2025-12-26,1.12,android
AKS00399,USR0124,PRD006,2025-03-10,1.34,web
AKS00400,USR0065,PRD010,2024-12-13,1.66,web
AKS00401,USR0189,PRD005,2025-12-12,0.68,ios
AKS00402,USR0115,PRD023,2025-10-11,0.65,android
AKS00403,USR0103,PRD011,2025-12-20,1.33,android
AKS00404,USR0176,PRD023,2024-06-05,0.74,android
AKS00405,USR0002,PRD003,2025-08-23,1.21,android
AKS00406,USR0112,PRD003,2023-06-21,0.89,web
AKS00407,USR0021,PRD020,2024-01-04,1.59,web
AKS00408,USR0158,PRD021,2024-11-15,0.93,android
AKS00409,USR0015,PRD025,2025-09-29,1.46,web
AKS00410,USR0003,PRD007,2025-11-29,1.9,android
AKS00411,USR0074,PRD007,2024-11-28,1.68,android
AKS00412,USR0133,PRD023,2025-07-08,1.42,android
AKS00413,USR0010,PRD012,2025-02-25,1.48,ios
AKS00414,USR0023,PRD009,2025-10-25,1.1,android
AKS00415,USR0102,PRD013,2025-12-26,1.28,android
AKS00416,USR0181,PRD003,2023-11-03,1.32,android
AKS00417,USR0213,PRD018,2025-08-20,1.02,web
AKS00418,USR0058,PRD020,2025-05-05,1.18,web
AKS00419,USR0148,PRD001,2024-05-29,0.76,android
AKS00420,USR0028,PRD018,2024-11-06,1.25,web
AKS00421,USR0243,PRD004,2025-10-18,1.27,web
AKS00422,USR0225,PRD018,2025-12-26,0.88,web
AKS00423,USR0248,PRD013,2025-11-06,1.23,ios
AKS00424,USR0194,PRD011,2025-12-23,1.19,web
AKS00425,USR0230,PRD019,2023-10-25,1.22,web
AKS00426,USR0018,PRD013,2025-12-27,1.68,ios
AKS00427,USR0174,PRD023,2024-02-04,1.7,web
AKS00428,USR0245,PRD012,2025-04-24,1.3,android
AKS00429,USR0214,PRD009,2025-08-03,0.93,web
AKS00430,USR0173,PRD024,2025-09-26,0.61,ios
AKS00431,USR0122,PRD011,2024-04-13,0.83,android
AKS00432,USR0069,PRD006,2025-12-03,1.52,ios
AKS00433,USR0128,PRD024,2024-04-05,0.85,ios
AKS00434,USR0224,PRD009,2025-07-04,0.84,ios
AKS00435,USR0215,PRD020,2025-01-02,0.73,ios
AKS00436,USR0031,PRD003,2025-08-13,1.42,android
AKS00437,USR0246,PRD002,2025-12-17,1.06,web
AKS00438,USR0127,PRD019,2024-05-30,1.24,android
AKS00439,USR0072,PRD013,2025-08-03,1.63,ios
AKS00440,USR0014,PRD017,2025-12-04,1.13,android
AKS00441,USR0009,PRD017,2025-12-02,1.09,android
AKS00442,USR0199,PRD006,2025-07-03,1.96,android
AKS00443,USR0133,PRD015,2025-07-29,1.53,ios
AKS00444,USR0173,PRD007,2025-10-15,1.37,web
AKS00445,USR0093,PRD020,2025-12-15,0.89,android
AKS00446,USR0068,PRD008,2024-08-03,1.21,android
AKS00447,USR0088,PRD012,2024-11-30,1.25,ios
AKS00448,USR0108,PRD023,2025-07-24,1.06,web
AKS00449,USR0072,PRD015,2025-07-13,1.36,android
AKS00450,USR0176,PRD008,2024-07-24,1.58,ios
AKS00451,USR0143,PRD014,2025-06-01,0.79,android
AKS00452,USR0039,PRD016,2024-02-06,0.76,web
AKS00453,USR0035,PRD021,2025-11-14,1.68,web
AKS00454,USR0065,PRD018,2023-04-15,1.1,android
AKS00455,USR0042,PRD002,2024-04-16,1.72,web
AKS00456,USR0215,PRD021,2024-04-11,1.17,web
AKS00457,USR0067,PRD012,2025-08-25,1.34,web
AKS00458,USR0089,PRD001,2025-09-13,0.68,android
AKS00459,USR0247,PRD020,2025-08-16,1.37,android
AKS00460,USR0167,PRD018,2024-02-28,1.97,web
AKS00461,USR0091,PRD011,2025-07-20,1.27,android
AKS00462,USR0115,PRD003,2025-11-08,1.42,web
AKS00463,USR0162,PRD005,2025-08-06,1.46,web
AKS00464,USR0108,PRD021,2025-03-03,1.36,ios
AKS00465,USR0021,PRD006,2024-11-12,0.84,web
AKS00466,USR0168,PRD010,2025-09-24,1.41,web
AKS00467,USR0070,PRD015,2025-07-20,1.62,android
AKS00468,USR0248,PRD015,2025-08-21,0.75,ios
AKS00469,USR0033,PRD024,2024-12-28,1.49,android
AKS00470,USR0180,PRD024,2025-01-22,0.82,web
AKS00471,USR0027,PRD004,2025-06-01,1.91,web
AKS00472,USR0141,PRD002,2024-08-14,1.66,android
AKS00473,USR0196,PRD003,2024-11-02,0.89,ios
AKS00474,USR0022,PRD021,2025-05-12,0.96,ios
AKS00475,USR0189,PRD010,2025-11-14,1.44,ios
AKS00476,USR0135,PRD006,2025-12-04,0.55,web
AKS00477,USR0221,PRD011,2025-11-26,1.21,android
AKS00478,USR0240,PRD009,2025-10-11,1.17,android
AKS00479,USR0139,PRD006,2025-09-20,1.45,android
AKS00480,USR0225,PRD019,2025-12-08,1.29,android
AKS00481,USR0137,PRD010,2025-05-07,1.22,ios
AKS00482,USR0207,PRD003,2025-11-06,0.96,web
AKS00483,USR0067,PRD005,2025-08-10,0.52,android
AKS00484,USR0209,PRD025,2025-07-30,0.7,web
AKS00485,USR0121,PRD018,2025-05-15,1.53,web
AKS00486,USR0243,PRD025,2024-11-18,0.95,web
AKS00487,USR0205,PRD010,2025-12-23,0.85,ios
AKS00488,USR0141,PRD012,2025-01-28,1.12,android
AKS00489,USR0112,PRD013,2024-07-05,0.74,android
AKS00490,USR0166,PRD013,2025-02-18,0.83,ios
AKS00491,USR0109,PRD021,2024-07-11,1.27,android
AKS00492,USR0207,PRD023,2025-08-11,0.93,android
AKS00493,USR0137,PRD009,2025-07-13,0.78,ios
AKS00494,USR0047,PRD005,2024-02-20,0.67,web
AKS00495,USR0159,PRD015,2024-08-06,1.55,web
AKS00496,USR0049,PRD011,2025-12-23,0.73,android
AKS00497,USR0006,PRD006,2024-07-07,0.92,ios
AKS00498,USR0184,PRD015,2025-10-31,0.51,ios
AKS00499,USR0039,PRD001,2025-06-16,0.83,web
AKS00500,USR0080,PRD016,2025-05-18,1.2,ios
AKS00501,USR0085,PRD003,2025-12-11,1.93,ios
AKS00502,USR0069,PRD025,2024-12-05,0.61,web
AKS00503,USR0047,PRD007,2025-11-02,1.76,web
AKS00504,USR0213,PRD001,2024-12-27,1.96,android
AKS00505,USR0064,PRD013,2025-09-05,1.96,ios
AKS00506,USR0189,PRD002,2025-10-14,1.19,ios
AKS00507,USR0134,PRD022,2025-09-21,1.21,android
AKS00508,USR0247,PRD010,2025-09-17,0.74,android
AKS00509,USR0011,PRD024,2025-10-14,1.28,web
AKS00510,USR0124,PRD021,2024-10-14,0.8,ios
AKS00511,USR0222,PRD022,2024-12-09,1.96,ios
AKS00512,USR0163,PRD014,2024-03-31,0.52,web
AKS00513,USR0150,PRD004,2025-12-22,1.68,ios
AKS00514,USR0249,PRD002,2025-11-24,1.53,ios
AKS00515,USR0096,PRD025,2024-01-28,0.87,web
AKS00516,USR0024,PRD022,2025-03-05,1.01,android
AKS00517,USR0016,PRD002,2024-08-21,1.47,android
AKS00518,USR0138,PRD004,2025-09-10,1.23,web
AKS00519,USR0143,PRD021,2025-04-27,1.71,web
AKS00520,USR0188,PRD007,2024-07-21,1.53,web
AKS00521,USR0186,PRD005,2024-01-03,1.85,web
AKS00522,USR0181,PRD015,2025-02-25,0.94,android
AKS00523,USR0126,PRD007,2024-12-16,1.32,web
AKS00524,USR0188,PRD015,2025-04-07,1.8,android
AKS00525,USR0235,PRD018,2025-06-14,0.6,ios
AKS00526,USR0116,PRD010,2025-08-20,1.31,web
AKS00527,USR0001,PRD025,2025-03-27,1.26,android
AKS00528,USR0048,PRD001,2025-08-17,1.79,android
AKS00529,USR0062,PRD011,2024-10-03,1.49,android
AKS00530,USR0210,PRD013,2024-11-16,1.29,web
AKS00531,USR0197,PRD018,2024-12-05,1.42,web
AKS00532,USR0105,PRD021,2025-06-15,0.67,android
AKS00533,USR0169,PRD003,2024-03-25,1.75,ios
AKS00534,USR0046,PRD002,2025-10-18,0.66,ios
AKS00535,USR0026,PRD002,2025-11-12,1.46,web
AKS00536,USR0169,PRD016,2025-08-01,1.44,android
AKS00537,USR0066,PRD002,2025-06-30,0.83,android
AKS00538,USR0019,PRD001,2024-08-01,1.48,ios
AKS00539,USR0120,PRD021,2024-12-01,1.04,android
AKS00540,USR0241,PRD014,2025-11-04,1.05,android
AKS00541,USR0015,PRD020,2025-10-23,1.29,android
AKS00542,USR0019,PRD010,2024-03-20,1.92,android
AKS00543,USR0025,PRD004,2025-12-31,0.85,web
AKS00544,USR0049,PRD007,2025-12-31,1.49,android
AKS00545,USR0161,PRD006,2025-10-30,1.62,web
AKS00546,USR0192,PRD004,2025-10-21,1.46,web
AKS00547,USR0173,PRD015,2025-11-08,1.82,ios
AKS00548,USR0203,PRD006,2025-05-24,1.1,web
AKS00549,USR0169,PRD006,2025-08-09,2.0,web
AKS00550,USR0239,PRD012,2025-03-11,1.33,web
AKS00551,USR0217,PRD012,2024-12-16,1.65,web
AKS00552,USR0212,PRD024,2024-11-02,1.41,android
AKS00553,USR0140,PRD007,2025-03-29,1.65,android
AKS00554,USR0066,PRD012,2025-09-26,1.17,web
AKS00555,USR0001,PRD024,2023-07-18,1.97,android
AKS00556,USR0005,PRD017,2024-10-01,1.99,web
AKS00557,USR0002,PRD010,2025-09-11,0.82,web
AKS00558,USR0006,PRD025,2025-01-01,1.88,android
AKS00559,USR0143,PRD019,2025-12-13,0.73,ios
AKS00560,USR0118,PRD012,2025-07-05,0.71,web
AKS00561,USR0228,PRD019,2024-03-29,0.85,web
AKS00562,USR0024,PRD019,2024-07-24,1.35,ios
AKS00563,USR0188,PRD003,2025-05-28,1.69,ios
AKS00564,USR0125,PRD023,2025-11-24,1.36,ios
AKS00565,USR0153,PRD021,2024-02-05,0.56,android
AKS00566,USR0098,PRD003,2025-03-25,1.88,web
AKS00567,USR0090,PRD014,2025-04-09,1.9,ios
AKS00568,USR0223,PRD025,2024-12-22,1.62,android
AKS00569,USR0238,PRD001,2025-09-02,0.58,android
AKS00570,USR0011,PRD011,2025-10-12,1.35,web
AKS00571,USR0129,PRD023,2024-09-24,0.73,android
AKS00572,USR0188,PRD013,2025-09-29,1.63,android
AKS00573,USR0130,PRD003,2024-12-31,1.15,web
AKS00574,USR0038,PRD005,2025-09-23,0.62,android
AKS00575,USR0191,PRD002,2025-11-05,0.89,web
AKS00576,USR0129,PRD014,2024-06-23,1.64,web
AKS00577,USR0144,PRD007,2025-10-31,1.09,android
AKS00578,USR0051,PRD018,2025-05-25,2.0,android
AKS00579,USR0064,PRD008,2023-09-20,0.9,web
AKS00580,USR0083,PRD022,2025-09-05,0.63,android
AKS00581,USR0106,PRD014,2025-05-13,1.02,web
AKS00582,USR0089,PRD020,2025-02-27,1.65,ios
AKS00583,USR0090,PRD020,2025-11-02,1.99,web
AKS00584,USR0160,PRD005,2024-11-24,0.57,ios
AKS00585,USR0052,PRD022,2024-07-03,0.73,android
AKS00586,USR0219,PRD003,2024-03-14,1.61,ios
AKS00587,USR0243,PRD020,2023-12-17,1.8,web
AKS00588,USR0004,PRD011,2025-05-06,1.71,web
AKS00589,USR0116,PRD016,2025-04-19,1.0,android
AKS00590,USR0138,PRD007,2025-09-30,1.32,web
AKS00591,USR0141,PRD016,2024-12-10,1.54,android
AKS00592,USR0005,PRD013,2025-11-06,0.57,ios
AKS00593,USR0016,PRD010,2024-03-15,1.68,android
AKS00594,USR0070,PRD002,2025-09-11,1.48,ios
AKS00595,USR0018,PRD013,2025-09-25,1.49,android
AKS00596,USR0093,PRD004,2025-08-29,0.94,android
AKS00597,USR0099,PRD008,2025-03-01,1.26,android
AKS00598,USR0026,PRD011,2025-11-01,1.8,android
AKS00599,USR0023,PRD006,2024-12-31,1.25,web
AKS00600,USR0144,PRD023,2023-03-21,0.56,android
AKS00601,USR0079,PRD011,2025-12-08,1.09,ios
AKS00602,USR0005,PRD012,2025-05-11,1.03,web
AKS00603,USR0061,PRD017,2024-06-02,1.72,android
AKS00604,USR0066,PRD013,2024-07-20,1.92,web
AKS00605,USR0058,PRD005,2025-07-19,1.85,android
AKS00606,USR0036,PRD003,2025-12-04,1.07,android
AKS00607,USR0157,PRD021,2025-12-01,0.84,ios
AKS00608,USR0147,PRD005,2025-11-04,1.96,android
AKS00609,USR0085,PRD015,2025-10-18,0.7,android
AKS00610,USR0036,PRD019,2025-10-17,1.53,ios
AKS00611,USR0221,PRD005,2025-02-15,1.53,android
AKS00612,USR0233,PRD005,2025-08-24,1.99,ios
AKS00613,USR0168,PRD019,2025-08-27,0.98,android
AKS00614,USR0137,PRD024,2024-09-15,0.78,ios
AKS00615,USR0187,PRD001,2025-11-26,1.82,web
AKS00616,USR0247,PRD014,2025-09-12,1.16,android
AKS00617,USR0239,PRD024,2025-01-28,0.73,ios
AKS00618,USR0028,PRD005,2025-01-02,0.54,android
AKS00619,USR0158,PRD009,2025-02-10,1.35,ios
AKS00620,USR0153,PRD008,2023-11-26,1.53,web
AKS00621,USR0021,PRD023,2025-03-29,0.7,android
AKS00622,USR0121,PRD023,2025-10-26,1.06,web
AKS00623,USR0126,PRD016,2024-10-26,0.75,ios
AKS00624,USR0009,PRD014,2025-10-20,1.89,web
AKS00625,USR0057,PRD024,2025-01-20,1.64,ios
AKS00626,USR0046,PRD015,2025-12-10,1.23,web
AKS00627,USR0222,PRD015,2025-01-07,1.14,ios
AKS00628,USR0156,PRD024,2025-09-26,1.58,web
AKS00629,USR0157,PRD024,2025-11-17,1.39,android
AKS00630,USR0165,PRD023,2024-06-14,1.28,web
AKS00631,USR0117,PRD002,2025-12-29,1.28,web
AKS00632,USR0189,PRD002,2025-11-29,1.08,android
AKS00633,USR0247,PRD002,2025-08-14,0.94,web
AKS00634,USR0227,PRD010,2025-03-16,1.19,web
AKS00635,USR0076,PRD020,2025-09-03,1.53,ios
AKS00636,USR0119,PRD021,2025-09-21,0.64,android
AKS00637,USR0029,PRD006,2025-12-29,0.7,web
AKS00638,USR0083,PRD015,2024-02-19,0.77,android
AKS00639,USR0230,PRD023,2024-04-20,1.82,ios
AKS00640,USR0065,PRD011,2023-12-09,1.58,ios
AKS00641,USR0024,PRD004,2025-06-03,1.17,web
AKS00642,USR0022,PRD017,2025-10-22,1.08,android
AKS00643,USR0157,PRD006,2025-10-23,1.33,ios
AKS00644,USR0197,PRD006,2025-06-09,1.35,android
AKS00645,USR0221,PRD005,2024-12-02,1.8,ios
AKS00646,USR0197,PRD023,2024-08-22,1.13,web
AKS00647,USR0187,PRD025,2025-12-13,0.93,ios
AKS00648,USR0031,PRD005,2024-10-20,0.51,web
AKS00649,USR0004,PRD015,2024-10-17,1.78,android
AKS00650,USR0207,PRD001,2025-12-02,0.86,android
AKS00651,USR0169,PRD016,2025-05-19,1.12,ios
AKS00652,USR0154,PRD020,2023-09-22,0.87,android
AKS00653,USR0072,PRD020,2025-07-27,0.57,ios
AKS00654,USR0015,PRD021,2025-11-13,0.56,ios
AKS00655,USR0171,PRD019,2025-08-14,0.95,ios
AKS00656,USR0013,PRD004,2024-10-12,1.99,ios
AKS00657,USR0173,PRD010,2025-07-03,1.95,android
AKS00658,USR0149,PRD012,2024-02-20,0.64,web
AKS00659,USR0083,PRD012,2025-02-16,1.73,web
AKS00660,USR0216,PRD018,2025-03-27,0.94,ios
AKS00661,USR0032,PRD023,2025-10-15,0.91,android
AKS00662,USR0106,PRD017,2024-12-04,1.54,android
AKS00663,USR0015,PRD004,2025-12-29,1.98,web
AKS00664,USR0186,PRD023,2024-12-31,1.9,android
AKS00665,USR0074,PRD014,2025-09-18,1.77,web
AKS00666,USR0135,PRD019,2025-12-23,1.03,ios
AKS00667,USR0158,PRD019,2024-10-21,1.28,android
AKS00668,USR0128,PRD016,2024-02-25,1.83,ios
AKS00669,USR0182,PRD010,2025-11-04,0.5,ios
AKS00670,USR0120,PRD021,2025-12-12,0.68,ios
AKS00671,USR0205,PRD020,2025-11-07,1.12,web
AKS00672,USR0090,PRD018,2025-10-25,1.46,ios
AKS00673,USR0164,PRD007,2024-12-21,0.88,ios
AKS00674,USR0079,PRD010,2025-12-25,1.32,ios
AKS00675,USR0030,PRD022,2024-04-17,1.01,android
AKS00676,USR0146,PRD020,2025-12-23,1.75,ios
AKS00677,USR0085,PRD011,2025-11-21,1.22,web
AKS00678,USR0205,PRD002,2025-08-27,1.22,android
AKS00679,USR0118,PRD018,2025-08-20,1.19,web
AKS00680,USR0238,PRD024,2025-03-19,1.75,web
AKS00681,USR0145,PRD024,2025-04-01,1.33,ios
AKS00682,USR0054,PRD019,2025-06-01,1.7,web
AKS00683,USR0017,PRD005,2025-04-19,1.76,web
AKS00684,USR0097,PRD021,2024-11-27,1.76,android
AKS00685,USR0156,PRD013,2025-08-07,1.39,web
AKS00686,USR0181,PRD011,2025-07-29,0.55,web
AKS00687,USR0023,PRD016,2025-12-14,0.86,web
AKS00688,USR0213,PRD010,2025-02-13,1.29,ios
AKS00689,USR0029,PRD012,2025-11-27,1.67,ios
AKS00690,USR0114,PRD017,2024-04-21,1.7,android
AKS00691,USR0040,PRD007,2025-08-09,1.89,android
AKS00692,USR0224,PRD017,2025-08-26,1.66,ios
AKS00693,USR0197,PRD004,2025-12-11,1.52,ios
AKS00694,USR0053,PRD024,2024-03-31,1.19,android
AKS00695,USR0222,PRD017,2024-08-26,0.51,ios
AKS00696,USR0176,PRD020,2024-07-11,1.0,ios
AKS00697,USR0027,PRD017,2025-11-28,1.49,web
AKS00698,USR0006,PRD019,2025-02-07,1.46,ios
AKS00699,USR0083,PRD007,2024-08-09,0.93,android
AKS00700,USR0082,PRD025,2025-05-17,1.51,web
AKS00701,USR0039,PRD006,2024-11-03,0.67,android
AKS00702,USR0144,PRD017,2023-09-02,0.81,web
AKS00703,USR0141,PRD011,2025-04-22,0.71,android
AKS00704,USR0206,PRD010,2025-06-22,0.87,ios
AKS00705,USR0080,PRD020,2025-05-01,1.31,ios
AKS00706,USR0034,PRD001,2025-01-22,1.85,ios
AKS00707,USR0028,PRD013,2024-10-27,0.63,web
AKS00708,USR0046,PRD023,2025-12-08,1.84,android
AKS00709,USR0215,PRD023,2025-12-20,1.17,web
AKS00710,USR0080,PRD011,2025-02-18,1.57,android
AKS00711,USR0208,PRD018,2025-12-28,1.96,web
AKS00712,USR0146,PRD005,2025-12-24,1.72,android
AKS00713,USR0120,PRD004,2025-06-21,0.97,android
AKS00714,USR0182,PRD025,2025-12-09,1.21,ios
AKS00715,USR0037,PRD020,2024-01-10,1.87,web
AKS00716,USR0047,PRD023,2025-11-24,1.5,web
AKS00717,USR0117,PRD016,2025-12-29,0.6,ios
AKS00718,USR0090,PRD016,2025-05-02,1.77,web
AKS00719,USR0197,PRD012,2024-11-08,1.26,web
AKS00720,USR0210,PRD023,2025-09-22,0.66,android
AKS00721,USR0167,PRD003,2024-11-15,1.3,web
AKS00722,USR0152,PRD014,2024-05-31,1.43,android
AKS00723,USR0041,PRD016,2024-07-01,0.6,ios
AKS00724,USR0209,PRD023,2024-11-09,1.15,web
AKS00725,USR0146,PRD011,2025-12-31,1.54,ios
AKS00726,USR0170,PRD022,2024-01-20,1.61,android
AKS00727,USR0147,PRD016,2025-08-16,1.39,web
AKS00728,USR0084,PRD018,2025-12-06,1.73,ios
AKS00729,USR0079,PRD013,2024-10-04,1.4,android
AKS00730,USR0209,PRD020,2025-05-12,1.73,web
AKS00731,USR0127,PRD021,2025-06-29,0.59,ios
AKS00732,USR0210,PRD005,2025-11-08,1.37,android
AKS00733,USR0208,PRD001,2025-12-29,1.49,web
AKS00734,USR0137,PRD010,2025-06-20,1.42,web
AKS00735,USR0051,PRD007,2025-07-31,1.82,web
AKS00736,USR0146,PRD022,2025-12-27,1.88,web
AKS00737,USR0184,PRD012,2024-12-08,1.37,android
AKS00738,USR0131,PRD013,2025-08-09,0.69,web
AKS00739,USR0016,PRD012,2025-03-07,1.95,ios
AKS00740,USR0181,PRD018,2025-11-20,1.97,ios
AKS00741,USR0221,PRD010,2025-11-27,0.55,web
AKS00742,USR0180,PRD019,2025-07-02,1.44,android
AKS00743,USR0098,PRD013,2025-09-08,1.15,ios
AKS00744,USR0170,PRD006,2025-03-02,0.71,android
AKS00745,USR0099,PRD012,2025-05-15,0.73,android
AKS00746,USR0033,PRD005,2024-05-13,0.61,ios
AKS00747,USR0037,PRD024,2025-10-13,1.23,web
AKS00748,USR0250,PRD005,2023-10-01,0.71,web
AKS00749,USR0221,PRD015,2025-12-11,1.68,android
AKS00750,USR0239,PRD014,2024-10-24,1.18,web
AKS00751,USR0142,PRD015,2025-06-06,1.03,ios
AKS00752,USR0109,PRD020,2023-11-16,1.37,android
AKS00753,USR0061,PRD023,2025-01-19,0.9,android
AKS00754,USR0148,PRD012,2023-10-09,1.97,android
AKS00755,USR0124,PRD023,2025-03-06,0.67,web
AKS00756,USR0247,PRD023,2025-07-17,0.71,android
AKS00757,USR0135,PRD025,2025-12-28,0.92,android
AKS00758,USR0021,PRD017,2025-08-12,0.63,web
AKS00759,USR0162,PRD024,2025-12-11,1.94,ios
AKS00760,USR0176,PRD021,2025-10-17,1.7,web
AKS00761,USR0157,PRD002,2025-12-29,1.02,ios
AKS00762,USR0121,PRD015,2025-09-21,1.86,android
AKS00763,USR0188,PRD011,2025-09-04,1.03,web
AKS00764,USR0075,PRD006,2023-12-29,1.54,android
AKS00765,USR0192,PRD010,2025-09-11,1.68,web
AKS00766,USR0016,PRD021,2024-12-19,1.37,android
AKS00767,USR0014,PRD022,2025-07-27,1.71,android
AKS00768,USR0007,PRD010,2025-11-23,0.62,android
AKS00769,USR0020,PRD009,2025-11-21,0.7,web
AKS00770,USR0071,PRD009,2024-06-09,1.61,android
AKS00771,USR0045,PRD019,2024-11-28,1.49,web
AKS00772,USR0207,PRD006,2025-08-05,1.67,ios
AKS00773,USR0125,PRD006,2025-12-07,1.29,ios
AKS00774,USR0088,PRD003,2024-11-10,1.39,ios
AKS00775,USR0215,PRD016,2025-03-01,1.66,ios
AKS00776,USR0170,PRD015,2025-11-14,1.46,ios
AKS00777,USR0148,PRD024,2024-08-23,0.58,web
AKS00778,USR0194,PRD004,2025-09-21,0.75,web
AKS00779,USR0122,PRD010,2024-08-16,1.62,android
AKS00780,USR0060,PRD013,2025-08-20,1.56,web
AKS00781,USR0068,PRD005,2025-04-28,1.81,ios
AKS00782,USR0074,PRD015,2025-05-25,1.52,android
AKS00783,USR0175,PRD002,2024-12-10,1.88,android
AKS00784,USR0091,PRD014,2025-06-18,1.88,web
AKS00785,USR0086,PRD009,2025-02-17,1.7,web
AKS00786,USR0168,PRD019,2025-10-26,1.19,android
AKS00787,USR0192,PRD008,2025-09-18,1.51,ios
AKS00788,USR0134,PRD011,2025-09-14,0.97,ios
AKS00789,USR0173,PRD001,2025-05-08,0.52,ios
AKS00790,USR0135,PRD004,2025-12-25,1.17,ios
AKS00791,USR0186,PRD010,2024-01-04,0.79,ios
AKS00792,USR0159,PRD003,2023-12-30,1.91,android
AKS00793,USR0229,PRD007,2025-11-21,1.46,android
AKS00794,USR0246,PRD004,2025-05-29,1.78,ios
AKS00795,USR0097,PRD022,2025-07-20,1.85,android
AKS00796,USR0206,PRD006,2024-03-05,1.54,web
AKS00797,USR0076,PRD015,2025-09-09,1.46,web
AKS00798,USR0197,PRD014,2025-05-28,0.89,ios
AKS00799,USR0071,PRD025,2024-07-28,1.07,web
AKS00800,USR0016,PRD009,2025-12-02,0.9,web
