id_sesi,id_siswa,id_program,tanggal_sesi,durasi_menit,perangkat
SES00001,SPN0100,PGM017,2024-11-20,17,android
SES00002,SPN0153,PGM014,2023-07-26,9,ios
SES00003,SPN0103,PGM011,2024-08-07,19,ios
SES00004,SPN0162,PGM028,2024-03-11,7,web
SES00005,SPN0171,PGM021,2024-10-11,15,android
SES00006,SPN0030,PGM001,2025-12-19,13,ios
SES00007,SPN0087,PGM019,2025-08-02,20,ios
SES00008,SPN0067,PGM020,2025-11-20,18,web
SES00009,SPN0220,PGM016,2025-12-02,5,ios
SES00010,SPN0274,PGM007,2025-07-18,5,web
SES00011,SPN0272,PGM007,2025-01-31,5,android
SES00012,SPN0128,PGM008,2025-11-03,16,web
SES00013,SPN0067,PGM004,2025-10-25,14,ios
SES00014,SPN0034,PGM027,2024-03-14,14,web
SES00015,SPN0234,PGM024,2025-10-07,15,web
SES00016,SPN0069,PGM011,2025-07-19,16,ios
SES00017,SPN0085,PGM030,2025-12-22,17,ios
SES00018,SPN0117,PGM008,2025-04-30,9,ios
SES00019,SPN0012,PGM019,2025-08-12,10,ios
SES00020,SPN0188,PGM023,2025-07-19,6,web
SES00021,SPN0131,PGM025,2025-10-25,6,android
SES00022,SPN0025,PGM022,2023-08-30,5,ios
SES00023,SPN0060,PGM014,2025-07-05,17,ios
SES00024,SPN0281,PGM009,2025-03-14,9,ios
SES00025,SPN0005,PGM010,2025-08-30,8,android
SES00026,SPN0267,PGM009,2025-12-17,9,web
SES00027,SPN0054,PGM017,2025-09-14,8,web
SES00028,SPN0059,PGM026,2023-10-25,20,ios
SES00029,SPN0103,PGM025,2024-03-10,11,web
SES00030,SPN0210,PGM010,2024-06-16,6,android
SES00031,SPN0255,PGM030,2023-10-28,20,web
SES00032,SPN0121,PGM001,2024-06-21,7,ios
SES00033,SPN0294,PGM022,2025-01-10,9,ios
SES00034,SPN0262,PGM003,2025-08-07,13,android
SES00035,SPN0119,PGM015,2024-10-09,13,web
SES00036,SPN0026,PGM004,2024-09-21,6,web
SES00037,SPN0185,PGM026,2025-10-14,15,web
SES00038,SPN0060,PGM004,2023-04-11,5,ios
SES00039,SPN0088,PGM011,2025-10-11,19,android
SES00040,SPN0138,PGM029,2024-08-10,16,web
SES00041,SPN0094,PGM004,2025-04-11,17,web
SES00042,SPN0140,PGM027,2025-06-11,20,web
SES00043,SPN0086,PGM004,2024-10-16,6,ios
SES00044,SPN0054,PGM014,2025-12-21,20,android
SES00045,SPN0225,PGM006,2025-06-13,17,web
SES00046,SPN0015,PGM028,2025-12-18,9,web
SES00047,SPN0250,PGM004,2025-06-13,19,ios
SES00048,SPN0033,PGM009,2025-09-11,5,android
SES00049,SPN0269,PGM025,2025-11-22,12,android
SES00050,SPN0174,PGM017,2025-10-22,8,web
SES00051,SPN0128,PGM016,2025-08-06,17,ios
SES00052,SPN0286,PGM029,2025-12-14,6,ios
SES00053,SPN0081,PGM017,2025-12-12,20,web
SES00054,SPN0085,PGM003,2025-09-27,20,web
SES00055,SPN0124,PGM011,2024-11-21,6,android
SES00056,SPN0115,PGM018,2025-09-25,17,web
SES00057,SPN0121,PGM003,2025-09-21,19,android
SES00058,SPN0230,PGM003,2025-12-04,19,web
SES00059,SPN0061,PGM016,2024-07-08,8,web
SES00060,SPN0212,PGM002,2025-05-13,5,ios
SES00061,SPN0156,PGM029,2025-09-09,11,android
SES00062,SPN0234,PGM011,2025-04-30,6,ios
SES00063,SPN0233,PGM011,2025-12-02,20,android
SES00064,SPN0187,PGM023,2024-12-04,8,ios
SES00065,SPN0114,PGM001,2025-05-31,16,android
SES00066,SPN0150,PGM018,2025-12-30,16,android
SES00067,SPN0055,PGM002,2025-12-08,10,web
SES00068,SPN0072,PGM027,2025-09-19,18,ios
SES00069,SPN0131,PGM020,2025-07-31,11,ios
SES00070,SPN0202,PGM007,2025-11-14,11,android
SES00071,SPN0174,PGM004,2025-12-21,18,ios
SES00072,SPN0064,PGM025,2025-02-03,19,android
SES00073,SPN0259,PGM005,2025-02-07,5,android
SES00074,SPN0025,PGM018,2025-12-24,18,android
SES00075,SPN0248,PGM030,2025-04-02,10,android
SES00076,SPN0297,PGM006,2025-06-28,9,ios
SES00077,SPN0199,PGM022,2025-09-13,15,android
SES00078,SPN0197,PGM014,2025-08-20,12,web
SES00079,SPN0204,PGM011,2025-12-02,14,web
SES00080,SPN0069,PGM005,2025-06-10,14,android
SES00081,SPN0281,PGM028,2024-10-01,11,ios
SES00082,SPN0108,PGM020,2024-08-30,16,android
SES00083,SPN0068,PGM023,2025-09-24,10,android
SES00084,SPN0278,PGM023,2025-12-27,8,web
SES00085,SPN0288,PGM016,2025-06-09,18,android
SES00086,SPN0274,PGM010,2025-09-06,5,android
SES00087,SPN0055,PGM001,2025-03-19,9,ios
SES00088,SPN0029,PGM007,2024-06-27,10,web
SES00089,SPN0129,PGM005,2025-08-14,14,ios
SES00090,SPN0278,PGM002,2025-12-27,19,ios
SES00091,SPN0288,PGM028,2024-12-07,17,ios
SES00092,SPN0262,PGM026,2025-09-24,6,web
SES00093,SPN0199,PGM014,2025-12-18,15,android
SES00094,SPN0028,PGM001,2025-01-14,11,android
SES00095,SPN0227,PGM027,2025-05-14,16,android
SES00096,SPN0280,PGM024,2025-08-30,11,android
SES00097,SPN0100,PGM010,2025-10-23,10,android
SES00098,SPN0039,PGM006,2023-10-25,8,web
SES00099,SPN0021,PGM014,2025-10-05,13,ios
SES00100,SPN0083,PGM019,2025-11-04,13,ios
SES00101,SPN0170,PGM015,2025-10-20,9,ios
SES00102,SPN0079,PGM030,2025-12-20,6,android
SES00103,SPN0155,PGM016,2025-11-16,16,ios
SES00104,SPN0163,PGM017,2025-09-12,10,android
SES00105,SPN0035,PGM026,2025-09-20,10,web
SES00106,SPN0279,PGM018,2025-06-23,7,web
SES00107,SPN0114,PGM029,2025-01-20,15,web
SES00108,SPN0185,PGM010,2024-07-01,20,android
SES00109,SPN0005,PGM004,2025-06-15,19,ios
SES00110,SPN0125,PGM002,2025-08-24,15,web
SES00111,SPN0059,PGM013,2024-03-27,14,ios
SES00112,SPN0265,PGM027,2024-11-26,19,web
SES00113,SPN0023,PGM010,2025-08-29,11,web
SES00114,SPN0264,PGM003,2025-06-17,10,android
SES00115,SPN0274,PGM001,2024-09-06,11,android
SES00116,SPN0110,PGM028,2025-12-17,18,ios
SES00117,SPN0106,PGM018,2025-09-02,18,android
SES00118,SPN0037,PGM024,2023-12-11,5,web
SES00119,SPN0170,PGM002,2024-12-05,7,ios
SES00120,SPN0092,PGM026,2024-02-11,7,android
SES00121,SPN0117,PGM030,2024-01-06,18,web
SES00122,SPN0231,PGM021,2025-05-06,18,web
SES00123,SPN0009,PGM013,2025-11-02,8,android
SES00124,SPN0004,PGM021,2025-10-27,6,android
SES00125,SPN0038,PGM012,2025-12-25,8,web
SES00126,SPN0155,PGM020,2023-11-27,14,web
SES00127,SPN0196,PGM013,2025-03-10,20,ios
SES00128,SPN0274,PGM008,2024-11-17,17,android
SES00129,SPN0152,PGM021,2025-09-23,14,android
SES00130,SPN0192,PGM001,2024-11-22,8,ios
SES00131,SPN0003,PGM019,2025-11-08,17,android
SES00132,SPN0281,PGM003,2024-09-22,11,android
SES00133,SPN0177,PGM007,2025-12-02,9,ios
SES00134,SPN0095,PGM008,2025-12-15,13,ios
SES00135,SPN0059,PGM006,2025-05-26,6,android
SES00136,SPN0237,PGM021,2024-10-16,7,web
SES00137,SPN0035,PGM009,2025-06-08,11,android
SES00138,SPN0298,PGM016,2025-05-01,16,ios
SES00139,SPN0121,PGM004,2025-03-26,7,ios
SES00140,SPN0163,PGM016,2025-11-10,15,android
SES00141,SPN0157,PGM023,2025-11-21,9,android
SES00142,SPN0291,PGM012,2025-09-01,18,ios
SES00143,SPN0003,PGM011,2024-11-15,12,android
SES00144,SPN0224,PGM009,2025-09-21,9,android
SES00145,SPN0170,PGM029,2025-06-24,19,web
SES00146,SPN0184,PGM025,2025-10-28,20,android
SES00147,SPN0056,PGM006,2025-06-16,7,web
SES00148,SPN0072,PGM029,2025-06-19,11,web
SES00149,SPN0040,PGM024,2024-09-12,5,android
SES00150,SPN0016,PGM027,2025-07-14,17,android
SES00151,SPN0109,PGM030,2024-05-03,13,android
SES00152,SPN0277,PGM016,2025-08-17,9,web
SES00153,SPN0201,PGM008,2025-07-08,14,ios
SES00154,SPN0238,PGM017,2024-12-22,7,web
SES00155,SPN0187,PGM017,2023-09-08,12,android
SES00156,SPN0085,PGM025,2025-05-29,9,web
SES00157,SPN0082,PGM006,2025-07-11,9,android
SES00158,SPN0248,PGM012,2023-12-10,12,web
SES00159,SPN0119,PGM003,2024-08-05,16,ios
SES00160,SPN0022,PGM022,2025-07-07,16,web
SES00161,SPN0241,PGM030,2025-12-03,6,ios
SES00162,SPN0166,PGM004,2025-11-25,13,android
SES00163,SPN0135,PGM019,2025-09-18,10,web
SES00164,SPN0194,PGM012,2025-09-07,7,android
SES00165,SPN0129,PGM013,2025-09-25,17,web
SES00166,SPN0177,PGM016,2025-12-11,5,android
SES00167,SPN0072,PGM015,2024-12-10,12,ios
SES00168,SPN0264,PGM021,2025-08-03,11,ios
SES00169,SPN0096,PGM006,2025-05-30,8,android
SES00170,SPN0118,PGM014,2025-07-01,15,android
SES00171,SPN0059,PGM016,2025-05-30,20,web
SES00172,SPN0108,PGM019,2023-12-09,18,ios
SES00173,SPN0125,PGM002,2024-11-13,10,ios
SES00174,SPN0263,PGM002,2025-06-10,6,ios
SES00175,SPN0133,PGM030,2025-09-24,17,android
SES00176,SPN0289,PGM021,2025-06-04,14,ios
SES00177,SPN0111,PGM015,2025-12-05,20,ios
SES00178,SPN0113,PGM027,2025-09-09,9,android
SES00179,SPN0094,PGM020,2025-11-23,13,ios
SES00180,SPN0176,PGM030,2024-11-09,7,ios
SES00181,SPN0194,PGM013,2025-01-17,8,ios
SES00182,SPN0104,PGM017,2025-04-08,18,ios
SES00183,SPN0050,PGM006,2025-06-09,6,android
SES00184,SPN0258,PGM025,2023-10-13,7,web
SES00185,SPN0067,PGM029,2025-04-12,18,android
SES00186,SPN0216,PGM012,2025-12-01,6,android
SES00187,SPN0272,PGM014,2025-05-19,20,web
SES00188,SPN0180,PGM019,2023-07-22,18,ios
SES00189,SPN0131,PGM016,2025-12-24,12,ios
SES00190,SPN0146,PGM020,2025-11-20,18,web
SES00191,SPN0097,PGM001,2025-12-23,8,android
SES00192,SPN0004,PGM013,2025-11-14,15,web
SES00193,SPN0186,PGM004,2025-07-03,18,android
SES00194,SPN0300,PGM009,2025-05-02,18,android
SES00195,SPN0188,PGM020,2025-01-08,17,ios
SES00196,SPN0212,PGM018,2025-12-31,20,ios
SES00197,SPN0190,PGM018,2025-05-14,20,web
SES00198,SPN0158,PGM019,2024-04-20,17,android
SES00199,SPN0071,PGM028,2025-09-20,12,web
SES00200,SPN0083,PGM004,2024-12-15,17,web
SES00201,SPN0282,PGM020,2025-05-30,6,ios
SES00202,SPN0200,PGM021,2025-07-25,7,ios
SES00203,SPN0242,PGM030,2025-11-27,18,ios
SES00204,SPN0033,PGM009,2025-07-26,16,ios
SES00205,SPN0020,PGM024,2025-12-29,17,android
SES00206,SPN0267,PGM010,2025-12-04,6,ios
SES00207,SPN0254,PGM015,2023-08-22,11,android
SES00208,SPN0266,PGM010,2024-01-09,6,android
SES00209,SPN0262,PGM017,2025-09-10,10,android
SES00210,SPN0019,PGM012,2024-02-10,5,ios
SES00211,SPN0045,PGM009,2025-07-27,17,web
SES00212,SPN0203,PGM013,2025-12-29,5,android
SES00213,SPN0036,PGM030,2023-09-04,14,android
SES00214,SPN0287,PGM030,2025-10-11,16,web
SES00215,SPN0142,PGM008,2025-12-20,11,web
SES00216,SPN0207,PGM019,2023-12-11,13,ios
SES00217,SPN0209,PGM017,2025-06-28,7,android
SES00218,SPN0151,PGM011,2025-07-20,13,android
SES00219,SPN0295,PGM009,2025-11-21,17,android
SES00220,SPN0248,PGM025,2024-07-05,15,web
SES00221,SPN0236,PGM029,2025-07-07,5,web
SES00222,SPN0060,PGM009,2023-05-26,17,android
SES00223,SPN0113,PGM022,2025-11-22,12,web
SES00224,SPN0212,PGM012,2025-04-01,5,android
SES00225,SPN0135,PGM008,2024-12-29,7,web
SES00226,SPN0176,PGM003,2025-02-20,10,web
SES00227,SPN0161,PGM012,2024-03-28,13,ios
SES00228,SPN0098,PGM016,2025-12-16,11,ios
SES00229,SPN0124,PGM028,2024-11-08,11,ios
SES00230,SPN0104,PGM027,2024-07-21,16,ios
SES00231,SPN0055,PGM004,2025-12-20,7,android
SES00232,SPN0253,PGM020,2023-05-17,6,web
SES00233,SPN0191,PGM020,2025-06-06,20,android
SES00234,SPN0141,PGM016,2025-12-25,13,web
SES00235,SPN0114,PGM025,2024-10-25,6,android
SES00236,SPN0217,PGM016,2025-11-04,6,android
SES00237,SPN0178,PGM013,2025-08-14,10,web
SES00238,SPN0062,PGM023,2025-10-04,19,web
SES00239,SPN0005,PGM001,2025-01-27,17,android
SES00240,SPN0052,PGM011,2025-07-02,13,ios
SES00241,SPN0281,PGM009,2024-07-14,13,web
SES00242,SPN0176,PGM012,2024-02-07,20,web
SES00243,SPN0108,PGM014,2025-02-13,16,web
SES00244,SPN0144,PGM015,2024-07-17,9,android
SES00245,SPN0118,PGM027,2023-07-04,13,ios
SES00246,SPN0285,PGM014,2025-11-10,11,ios
SES00247,SPN0077,PGM016,2025-11-20,5,ios
SES00248,SPN0216,PGM016,2024-11-17,15,web
SES00249,SPN0154,PGM009,2025-05-30,6,web
SES00250,SPN0051,PGM023,2024-01-07,6,ios
SES00251,SPN0131,PGM016,2025-11-19,8,web
SES00252,SPN0172,PGM009,2025-07-09,16,android
SES00253,SPN0286,PGM030,2024-12-15,16,ios
SES00254,SPN0211,PGM004,2025-08-20,11,android
SES00255,SPN0295,PGM021,2025-12-15,10,web
SES00256,SPN0182,PGM011,2025-12-21,20,android
SES00257,SPN0229,PGM029,2025-09-06,17,android
SES00258,SPN0147,PGM015,2023-11-21,10,android
SES00259,SPN0173,PGM014,2025-12-23,7,ios
SES00260,SPN0083,PGM011,2024-12-22,15,web
SES00261,SPN0150,PGM023,2024-07-26,17,web
SES00262,SPN0228,PGM025,2025-06-16,19,web
SES00263,SPN0086,PGM006,2025-10-21,5,ios
SES00264,SPN0121,PGM022,2025-02-20,7,ios
SES00265,SPN0086,PGM013,2024-10-01,8,ios
SES00266,SPN0243,PGM018,2025-02-18,5,web
SES00267,SPN0269,PGM025,2025-06-06,8,web
SES00268,SPN0080,PGM003,2025-11-16,17,web
SES00269,SPN0118,PGM008,2025-04-17,14,web
SES00270,SPN0065,PGM005,2025-10-12,10,ios
SES00271,SPN0018,PGM022,2025-03-22,15,web
SES00272,SPN0240,PGM028,2025-05-19,13,android
SES00273,SPN0228,PGM005,2025-12-14,10,android
SES00274,SPN0234,PGM021,2025-11-21,18,android
SES00275,SPN0274,PGM010,2025-06-21,20,android
SES00276,SPN0117,PGM026,2023-07-17,19,web
SES00277,SPN0188,PGM014,2024-12-31,9,web
SES00278,SPN0006,PGM001,2025-10-07,9,web
SES00279,SPN0147,PGM016,2023-02-15,20,web
SES00280,SPN0154,PGM001,2025-12-25,18,web
SES00281,SPN0119,PGM026,2023-02-25,16,ios
SES00282,SPN0211,PGM029,2025-12-06,18,web
SES00283,SPN0128,PGM006,2025-11-09,17,web
SES00284,SPN0113,PGM009,2025-06-16,18,android
SES00285,SPN0123,PGM017,2024-08-31,14,android
SES00286,SPN0273,PGM026,2025-01-08,18,ios
SES00287,SPN0036,PGM006,2023-10-21,14,ios
SES00288,SPN0234,PGM020,2025-07-30,13,android
SES00289,SPN0252,PGM007,2024-08-10,5,ios
SES00290,SPN0026,PGM018,2024-04-18,10,ios
SES00291,SPN0145,PGM009,2025-12-14,19,android
SES00292,SPN0005,PGM008,2024-09-26,9,ios
SES00293,SPN0253,PGM007,2024-04-25,18,web
SES00294,SPN0256,PGM012,2025-10-09,6,web
SES00295,SPN0042,PGM027,2025-06-06,9,ios
SES00296,SPN0137,PGM025,2025-06-14,7,android
SES00297,SPN0241,PGM006,2025-07-22,13,web
SES00298,SPN0007,PGM004,2025-12-05,12,web
SES00299,SPN0227,PGM008,2025-02-05,11,web
SES00300,SPN0049,PGM017,2025-01-26,20,web
SES00301,SPN0160,PGM030,2025-04-01,10,android
SES00302,SPN0022,PGM024,2025-10-03,8,web
SES00303,SPN0247,PGM021,2024-12-30,11,web
SES00304,SPN0027,PGM028,2025-03-31,11,ios
SES00305,SPN0121,PGM021,2025-08-26,15,ios
SES00306,SPN0086,PGM026,2024-12-29,8,web
SES00307,SPN0125,PGM001,2024-09-30,20,android
SES00308,SPN0080,PGM012,2025-12-16,7,ios
SES00309,SPN0081,PGM016,2024-11-19,15,android
SES00310,SPN0031,PGM002,2025-08-31,9,android
SES00311,SPN0275,PGM026,2024-11-17,9,web
SES00312,SPN0120,PGM011,2025-12-30,16,web
SES00313,SPN0099,PGM001,2025-11-26,17,web
SES00314,SPN0069,PGM009,2024-12-01,20,android
SES00315,SPN0225,PGM018,2024-07-24,20,ios
SES00316,SPN0291,PGM006,2025-12-27,16,web
SES00317,SPN0240,PGM009,2025-07-18,10,ios
SES00318,SPN0272,PGM005,2025-09-09,14,web
SES00319,SPN0278,PGM012,2025-12-29,5,android
SES00320,SPN0260,PGM013,2025-12-24,5,android
SES00321,SPN0187,PGM025,2025-05-25,12,web
SES00322,SPN0033,PGM022,2025-10-19,11,android
SES00323,SPN0255,PGM025,2024-10-14,9,android
SES00324,SPN0145,PGM011,2025-12-23,15,ios
SES00325,SPN0050,PGM017,2025-09-11,7,ios
SES00326,SPN0067,PGM006,2025-04-28,11,ios
SES00327,SPN0249,PGM007,2024-01-03,6,android
SES00328,SPN0199,PGM022,2025-07-18,13,ios
SES00329,SPN0188,PGM008,2025-06-26,7,ios
SES00330,SPN0107,PGM021,2025-11-12,7,web
SES00331,SPN0032,PGM012,2024-11-12,18,web
SES00332,SPN0030,PGM027,2025-11-02,6,android
SES00333,SPN0037,PGM027,2024-10-14,7,ios
SES00334,SPN0266,PGM004,2023-10-05,12,android
SES00335,SPN0198,PGM007,2024-05-23,12,android
SES00336,SPN0092,PGM018,2025-07-05,18,android
SES00337,SPN0055,PGM025,2025-07-28,16,android
SES00338,SPN0235,PGM023,2025-06-09,8,ios
SES00339,SPN0093,PGM018,2025-09-18,15,android
SES00340,SPN0081,PGM018,2025-08-07,19,web
SES00341,SPN0162,PGM018,2024-12-31,16,web
SES00342,SPN0221,PGM027,2025-12-28,15,android
SES00343,SPN0124,PGM019,2025-08-22,11,web
SES00344,SPN0282,PGM030,2025-07-18,13,web
SES00345,SPN0232,PGM015,2025-08-15,5,android
SES00346,SPN0018,PGM010,2025-07-23,5,android
SES00347,SPN0070,PGM029,2024-09-27,5,web
SES00348,SPN0114,PGM007,2025-05-04,5,android
SES00349,SPN0142,PGM030,2025-12-06,9,ios
SES00350,SPN0020,PGM015,2025-12-28,9,ios
SES00351,SPN0136,PGM012,2025-03-31,12,web
SES00352,SPN0154,PGM003,2025-06-08,17,android
SES00353,SPN0112,PGM024,2025-12-29,15,web
SES00354,SPN0089,PGM016,2025-12-27,8,android
SES00355,SPN0154,PGM002,2025-11-19,17,ios
SES00356,SPN0029,PGM030,2025-11-25,15,web
SES00357,SPN0223,PGM014,2025-12-22,8,ios
SES00358,SPN0006,PGM021,2025-12-12,17,ios
SES00359,SPN0157,PGM017,2025-07-05,15,android
SES00360,SPN0290,PGM005,2025-03-16,12,ios
SES00361,SPN0026,PGM022,2025-05-03,19,android
SES00362,SPN0295,PGM017,2025-08-23,12,web
SES00363,SPN0149,PGM026,2024-10-23,9,ios
SES00364,SPN0173,PGM003,2025-12-28,6,android
SES00365,SPN0205,PGM009,2024-09-23,17,android
SES00366,SPN0223,PGM025,2025-07-01,9,ios
SES00367,SPN0247,PGM018,2024-09-18,20,web
SES00368,SPN0293,PGM007,2025-08-12,12,ios
SES00369,SPN0137,PGM025,2025-07-23,15,android
SES00370,SPN0295,PGM003,2025-08-28,18,web
SES00371,SPN0188,PGM012,2024-11-25,15,web
SES00372,SPN0013,PGM025,2025-10-04,10,web
SES00373,SPN0227,PGM020,2025-04-03,19,ios
SES00374,SPN0120,PGM007,2025-11-22,16,ios
SES00375,SPN0044,PGM004,2025-12-23,12,android
SES00376,SPN0076,PGM028,2025-04-17,5,web
SES00377,SPN0057,PGM010,2025-11-03,20,ios
SES00378,SPN0170,PGM007,2025-11-04,11,ios
SES00379,SPN0280,PGM017,2025-11-14,13,android
SES00380,SPN0248,PGM020,2025-11-15,9,android
SES00381,SPN0010,PGM013,2025-12-28,6,web
SES00382,SPN0088,PGM002,2025-10-02,11,android
SES00383,SPN0139,PGM002,2025-09-14,5,ios
SES00384,SPN0199,PGM022,2025-03-28,16,ios
SES00385,SPN0010,PGM010,2025-11-22,12,web
SES00386,SPN0261,PGM023,2023-12-02,15,web
SES00387,SPN0273,PGM003,2024-10-15,11,android
SES00388,SPN0235,PGM018,2024-04-20,6,ios
SES00389,SPN0272,PGM010,2025-07-11,20,web
SES00390,SPN0081,PGM001,2025-03-30,16,web
SES00391,SPN0155,PGM008,2025-01-25,13,ios
SES00392,SPN0132,PGM029,2025-06-17,5,android
SES00393,SPN0144,PGM008,2024-06-18,15,web
SES00394,SPN0071,PGM003,2025-11-26,12,web
SES00395,SPN0124,PGM019,2024-07-16,18,web
SES00396,SPN0169,PGM015,2024-12-20,9,ios
SES00397,SPN0071,PGM019,2025-10-11,9,web
SES00398,SPN0269,PGM030,2025-06-19,18,ios
SES00399,SPN0290,PGM030,2024-09-24,15,ios
SES00400,SPN0286,PGM018,2024-07-26,10,web
SES00401,SPN0075,PGM024,2024-11-24,15,web
SES00402,SPN0211,PGM010,2025-10-06,13,ios
SES00403,SPN0097,PGM004,2025-12-25,10,ios
SES00404,SPN0137,PGM020,2025-12-10,12,android
SES00405,SPN0119,PGM008,2023-04-05,16,ios
SES00406,SPN0245,PGM005,2024-12-02,20,android
SES00407,SPN0192,PGM006,2025-08-01,20,web
SES00408,SPN0071,PGM006,2025-10-09,12,ios
SES00409,SPN0210,PGM025,2024-01-19,13,web
SES00410,SPN0114,PGM024,2025-01-09,11,ios
SES00411,SPN0091,PGM030,2025-01-20,20,android
SES00412,SPN0167,PGM028,2024-12-23,12,web
SES00413,SPN0208,PGM025,2024-11-16,17,android
SES00414,SPN0161,PGM013,2025-12-16,6,android
SES00415,SPN0056,PGM015,2024-12-04,6,ios
SES00416,SPN0266,PGM018,2024-08-02,6,android
SES00417,SPN0199,PGM017,2025-12-06,6,ios
SES00418,SPN0150,PGM015,2025-04-20,14,web
SES00419,SPN0237,PGM006,2024-06-08,14,android
SES00420,SPN0028,PGM023,2025-10-13,9,web
SES00421,SPN0232,PGM003,2025-10-07,8,ios
SES00422,SPN0300,PGM029,2025-12-11,9,web
SES00423,SPN0212,PGM011,2025-01-24,5,ios
SES00424,SPN0233,PGM019,2025-06-02,19,ios
SES00425,SPN0129,PGM011,2025-09-09,8,ios
SES00426,SPN0059,PGM023,2024-10-11,16,ios
SES00427,SPN0269,PGM023,2025-08-22,10,web
SES00428,SPN0282,PGM013,2023-07-31,10,web
SES00429,SPN0290,PGM028,2024-09-16,10,ios
SES00430,SPN0092,PGM025,2025-05-28,6,web
SES00431,SPN0158,PGM010,2025-05-20,19,web
SES00432,SPN0093,PGM004,2025-05-03,11,ios
SES00433,SPN0130,PGM001,2025-12-18,20,web
SES00434,SPN0279,PGM026,2024-12-01,20,ios
SES00435,SPN0112,PGM019,2025-12-31,20,web
SES00436,SPN0210,PGM015,2024-03-25,5,ios
SES00437,SPN0281,PGM009,2025-08-10,11,ios
SES00438,SPN0095,PGM005,2024-05-19,16,ios
SES00439,SPN0075,PGM028,2024-11-25,14,web
SES00440,SPN0045,PGM002,2023-09-09,18,ios
SES00441,SPN0083,PGM022,2025-01-20,10,web
SES00442,SPN0297,PGM012,2023-07-17,7,web
SES00443,SPN0166,PGM012,2024-12-28,7,web
SES00444,SPN0282,PGM003,2024-04-11,20,ios
SES00445,SPN0063,PGM023,2024-08-09,15,android
SES00446,SPN0212,PGM017,2024-05-22,11,android
SES00447,SPN0030,PGM004,2025-09-17,20,android
SES00448,SPN0148,PGM014,2024-12-17,15,web
SES00449,SPN0270,PGM019,2025-08-16,16,ios
SES00450,SPN0289,PGM016,2025-10-11,20,web
SES00451,SPN0093,PGM029,2025-06-24,14,ios
SES00452,SPN0001,PGM004,2024-04-18,19,android
SES00453,SPN0061,PGM024,2025-01-18,18,web
SES00454,SPN0024,PGM011,2025-12-17,11,ios
SES00455,SPN0104,PGM023,2024-08-23,13,ios
SES00456,SPN0158,PGM010,2024-10-03,15,ios
SES00457,SPN0059,PGM022,2024-06-14,15,web
SES00458,SPN0292,PGM020,2025-08-06,10,ios
SES00459,SPN0170,PGM027,2025-04-13,20,web
SES00460,SPN0019,PGM021,2023-10-28,20,ios
SES00461,SPN0236,PGM029,2025-11-26,15,web
SES00462,SPN0212,PGM030,2025-11-19,6,android
SES00463,SPN0154,PGM019,2025-11-13,15,android
SES00464,SPN0275,PGM001,2025-01-08,15,web
SES00465,SPN0034,PGM005,2024-11-10,5,web
SES00466,SPN0193,PGM021,2025-12-06,10,android
SES00467,SPN0200,PGM006,2025-12-23,8,web
SES00468,SPN0162,PGM023,2023-05-11,13,web
SES00469,SPN0045,PGM016,2025-11-04,12,web
SES00470,SPN0232,PGM027,2025-06-27,11,android
SES00471,SPN0155,PGM006,2023-12-23,16,ios
SES00472,SPN0104,PGM030,2024-02-11,19,android
SES00473,SPN0013,PGM026,2025-11-18,9,ios
SES00474,SPN0175,PGM030,2025-08-17,14,web
SES00475,SPN0074,PGM025,2024-11-02,9,ios
SES00476,SPN0019,PGM015,2024-07-11,8,ios
SES00477,SPN0160,PGM030,2024-06-20,7,web
SES00478,SPN0240,PGM029,2023-12-30,8,android
SES00479,SPN0160,PGM001,2025-12-18,14,android
SES00480,SPN0108,PGM011,2024-02-27,11,web
SES00481,SPN0142,PGM018,2025-10-07,19,android
SES00482,SPN0061,PGM009,2024-11-19,10,web
SES00483,SPN0059,PGM001,2025-04-06,8,ios
SES00484,SPN0278,PGM012,2025-12-30,15,web
SES00485,SPN0073,PGM023,2024-11-16,12,ios
SES00486,SPN0037,PGM010,2024-12-24,19,ios
SES00487,SPN0067,PGM001,2025-12-09,6,ios
SES00488,SPN0197,PGM002,2024-11-26,18,web
SES00489,SPN0092,PGM023,2025-01-29,19,android
SES00490,SPN0183,PGM010,2025-06-05,11,android
SES00491,SPN0274,PGM003,2025-10-20,9,ios
SES00492,SPN0240,PGM004,2025-02-21,14,android
SES00493,SPN0239,PGM016,2025-09-15,12,ios
SES00494,SPN0133,PGM030,2025-11-10,17,ios
SES00495,SPN0170,PGM026,2025-04-06,19,web
SES00496,SPN0016,PGM003,2025-03-27,8,web
SES00497,SPN0246,PGM015,2025-02-09,14,web
SES00498,SPN0295,PGM005,2025-12-08,8,web
SES00499,SPN0055,PGM011,2025-06-16,7,web
SES00500,SPN0273,PGM015,2025-05-23,18,ios
SES00501,SPN0125,PGM018,2024-11-29,20,web
SES00502,SPN0034,PGM011,2024-08-28,18,web
SES00503,SPN0291,PGM026,2025-09-15,12,ios
SES00504,SPN0040,PGM024,2025-11-07,8,android
SES00505,SPN0238,PGM011,2025-02-06,8,web
SES00506,SPN0091,PGM010,2024-12-17,7,android
SES00507,SPN0056,PGM022,2025-12-05,17,web
SES00508,SPN0254,PGM021,2025-06-18,6,ios
SES00509,SPN0112,PGM027,2025-12-29,5,ios
SES00510,SPN0077,PGM015,2025-07-03,14,web
SES00511,SPN0296,PGM015,2024-02-21,11,android
SES00512,SPN0163,PGM010,2025-12-10,14,web
SES00513,SPN0177,PGM003,2025-12-24,5,android
SES00514,SPN0262,PGM013,2025-08-14,14,ios
SES00515,SPN0190,PGM029,2025-05-08,6,ios
SES00516,SPN0287,PGM027,2025-02-24,8,web
SES00517,SPN0016,PGM008,2025-02-11,17,android
SES00518,SPN0163,PGM023,2025-10-23,17,web
SES00519,SPN0223,PGM018,2024-02-19,10,web
SES00520,SPN0072,PGM007,2025-06-28,17,web
SES00521,SPN0214,PGM005,2024-09-10,9,ios
SES00522,SPN0006,PGM003,2025-11-08,5,ios
SES00523,SPN0250,PGM022,2025-08-04,9,ios
SES00524,SPN0071,PGM021,2025-12-05,19,android
SES00525,SPN0218,PGM020,2024-11-28,19,android
SES00526,SPN0218,PGM018,2025-10-21,19,web
SES00527,SPN0182,PGM008,2025-11-09,18,android
SES00528,SPN0004,PGM019,2025-12-21,12,android
SES00529,SPN0257,PGM009,2024-10-03,16,ios
SES00530,SPN0020,PGM019,2025-12-29,16,ios
SES00531,SPN0298,PGM016,2025-11-01,7,ios
SES00532,SPN0270,PGM028,2025-10-20,13,web
SES00533,SPN0265,PGM003,2025-04-27,7,ios
SES00534,SPN0242,PGM021,2025-12-13,7,android
SES00535,SPN0277,PGM026,2025-06-02,14,android
SES00536,SPN0028,PGM029,2025-04-18,5,web
SES00537,SPN0233,PGM017,2025-10-17,15,web
SES00538,SPN0181,PGM026,2024-02-17,14,ios
SES00539,SPN0019,PGM023,2025-02-11,14,android
SES00540,SPN0289,PGM009,2025-06-15,20,android
SES00541,SPN0087,PGM019,2025-07-06,14,android
SES00542,SPN0014,PGM010,2025-05-11,7,ios
SES00543,SPN0259,PGM003,2025-11-26,13,web
SES00544,SPN0068,PGM020,2024-09-11,13,web
SES00545,SPN0008,PGM024,2023-12-05,10,android
SES00546,SPN0078,PGM022,2025-04-26,16,ios
SES00547,SPN0134,PGM026,2024-06-25,20,ios
SES00548,SPN0271,PGM028,2025-09-18,15,ios
SES00549,SPN0075,PGM020,2025-01-26,20,web
SES00550,SPN0197,PGM008,2025-09-16,19,android
SES00551,SPN0086,PGM007,2025-06-01,16,ios
SES00552,SPN0136,PGM025,2024-11-14,6,ios
SES00553,SPN0238,PGM013,2024-11-17,14,web
SES00554,SPN0273,PGM008,2025-05-01,17,web
SES00555,SPN0135,PGM005,2025-09-04,18,ios
SES00556,SPN0148,PGM030,2025-06-28,19,web
SES00557,SPN0162,PGM017,2023-05-31,8,android
SES00558,SPN0182,PGM028,2025-12-11,13,web
SES00559,SPN0139,PGM009,2023-08-25,13,android
SES00560,SPN0300,PGM013,2025-08-13,12,android
SES00561,SPN0100,PGM017,2025-07-01,10,web
SES00562,SPN0281,PGM001,2025-10-03,5,ios
SES00563,SPN0007,PGM014,2024-01-19,8,android
SES00564,SPN0229,PGM012,2025-10-12,14,web
SES00565,SPN0099,PGM002,2025-09-02,7,ios
SES00566,SPN0112,PGM020,2025-12-31,8,android
SES00567,SPN0062,PGM003,2025-12-30,9,web
SES00568,SPN0290,PGM026,2024-10-22,8,android
SES00569,SPN0095,PGM009,2025-01-19,19,android
SES00570,SPN0039,PGM021,2024-08-07,13,web
SES00571,SPN0166,PGM009,2024-05-19,7,web
SES00572,SPN0032,PGM013,2024-05-22,15,ios
SES00573,SPN0133,PGM027,2025-10-15,10,web
SES00574,SPN0036,PGM016,2023-12-26,17,ios
SES00575,SPN0252,PGM004,2024-02-11,18,ios
SES00576,SPN0055,PGM030,2025-04-19,13,ios
SES00577,SPN0018,PGM003,2024-10-27,13,web
SES00578,SPN0010,PGM029,2025-12-21,9,android
SES00579,SPN0001,PGM030,2024-05-02,17,web
SES00580,SPN0078,PGM023,2024-12-27,17,android
SES00581,SPN0002,PGM017,2025-12-05,20,web
SES00582,SPN0207,PGM028,2025-12-21,7,android
SES00583,SPN0116,PGM001,2025-08-19,20,ios
SES00584,SPN0291,PGM018,2025-09-23,15,android
SES00585,SPN0156,PGM013,2024-06-02,7,web
SES00586,SPN0274,PGM028,2025-06-14,7,web
SES00587,SPN0149,PGM021,2024-04-10,10,android
SES00588,SPN0021,PGM013,2025-11-23,11,web
SES00589,SPN0200,PGM029,2025-08-20,16,web
SES00590,SPN0044,PGM029,2025-12-30,11,ios
SES00591,SPN0019,PGM007,2023-07-06,12,web
SES00592,SPN0200,PGM003,2025-12-09,14,web
SES00593,SPN0274,PGM027,2025-10-04,5,ios
SES00594,SPN0174,PGM002,2025-09-05,6,web
SES00595,SPN0061,PGM007,2025-12-07,19,android
SES00596,SPN0275,PGM005,2025-10-08,12,ios
SES00597,SPN0019,PGM024,2023-11-02,20,android
SES00598,SPN0010,PGM016,2025-08-27,12,android
SES00599,SPN0067,PGM001,2025-07-09,6,web
SES00600,SPN0050,PGM015,2025-08-17,10,android
SES00601,SPN0033,PGM027,2025-05-28,8,web
SES00602,SPN0113,PGM003,2025-12-18,11,web
SES00603,SPN0173,PGM026,2025-12-23,15,ios
SES00604,SPN0295,PGM018,2025-09-04,15,ios
SES00605,SPN0024,PGM019,2025-12-06,15,ios
SES00606,SPN0062,PGM009,2025-06-30,18,ios
SES00607,SPN0190,PGM018,2024-04-09,19,ios
SES00608,SPN0298,PGM002,2025-01-20,8,android
SES00609,SPN0193,PGM025,2025-10-19,5,web
SES00610,SPN0042,PGM001,2023-05-07,10,ios
SES00611,SPN0146,PGM014,2025-08-19,20,android
SES00612,SPN0065,PGM007,2025-03-30,13,android
SES00613,SPN0231,PGM014,2024-06-01,10,android
SES00614,SPN0020,PGM020,2025-12-27,20,android
SES00615,SPN0046,PGM021,2025-12-27,14,web
SES00616,SPN0215,PGM001,2025-06-16,12,ios
SES00617,SPN0061,PGM017,2024-09-25,16,android
SES00618,SPN0260,PGM008,2025-12-29,11,web
SES00619,SPN0028,PGM007,2024-08-25,9,android
SES00620,SPN0243,PGM016,2025-04-22,10,android
SES00621,SPN0023,PGM002,2025-08-26,16,web
SES00622,SPN0108,PGM014,2024-06-10,15,android
SES00623,SPN0233,PGM002,2025-04-13,6,android
SES00624,SPN0091,PGM006,2023-11-27,20,android
SES00625,SPN0060,PGM003,2024-05-03,19,android
SES00626,SPN0297,PGM011,2024-08-13,11,android
SES00627,SPN0167,PGM008,2025-11-17,8,web
SES00628,SPN0117,PGM004,2023-12-15,18,ios
SES00629,SPN0193,PGM029,2025-10-27,7,web
SES00630,SPN0300,PGM016,2025-01-16,18,ios
SES00631,SPN0111,PGM030,2025-11-26,10,web
SES00632,SPN0192,PGM005,2025-10-12,11,android
SES00633,SPN0184,PGM009,2025-10-14,15,ios
SES00634,SPN0017,PGM023,2025-08-12,6,web
SES00635,SPN0070,PGM004,2025-03-13,19,web
SES00636,SPN0088,PGM025,2025-10-09,12,web
SES00637,SPN0081,PGM026,2025-11-14,10,android
SES00638,SPN0284,PGM028,2024-04-13,7,web
SES00639,SPN0268,PGM016,2025-02-24,20,web
SES00640,SPN0143,PGM001,2025-09-21,18,android
SES00641,SPN0127,PGM008,2025-07-14,18,android
SES00642,SPN0114,PGM029,2024-11-15,5,web
SES00643,SPN0023,PGM002,2025-05-28,6,web
SES00644,SPN0272,PGM013,2025-09-24,8,web
SES00645,SPN0254,PGM008,2023-11-05,5,android
SES00646,SPN0209,PGM007,2025-07-04,16,web
SES00647,SPN0123,PGM021,2023-08-26,5,web
SES00648,SPN0157,PGM006,2025-12-22,19,android
SES00649,SPN0299,PGM001,2024-11-29,19,ios
SES00650,SPN0208,PGM006,2025-12-04,16,android
SES00651,SPN0238,PGM023,2025-04-27,5,android
SES00652,SPN0037,PGM013,2024-12-12,6,web
SES00653,SPN0219,PGM025,2025-08-06,11,android
SES00654,SPN0042,PGM020,2025-10-17,15,android
SES00655,SPN0029,PGM017,2025-08-18,16,ios
SES00656,SPN0057,PGM013,2025-08-09,19,android
SES00657,SPN0021,PGM012,2025-10-16,10,android
SES00658,SPN0287,PGM023,2024-05-01,11,ios
SES00659,SPN0172,PGM008,2024-10-29,20,android
SES00660,SPN0298,PGM028,2025-11-07,11,android
SES00661,SPN0116,PGM011,2025-08-11,13,android
SES00662,SPN0217,PGM009,2024-06-24,7,web
SES00663,SPN0177,PGM015,2025-12-12,8,web
SES00664,SPN0273,PGM022,2025-10-05,14,web
SES00665,SPN0189,PGM026,2025-12-10,7,ios
SES00666,SPN0235,PGM003,2024-06-19,17,ios
SES00667,SPN0148,PGM003,2023-07-24,10,web
SES00668,SPN0058,PGM023,2024-11-22,20,ios
SES00669,SPN0105,PGM017,2025-04-25,14,web
SES00670,SPN0278,PGM030,2025-12-24,20,web
SES00671,SPN0216,PGM015,2025-09-22,5,web
SES00672,SPN0097,PGM003,2025-12-23,12,android
SES00673,SPN0172,PGM014,2025-06-21,15,web
SES00674,SPN0272,PGM027,2025-10-29,19,web
SES00675,SPN0156,PGM019,2024-08-20,14,ios
SES00676,SPN0134,PGM008,2025-11-15,16,web
SES00677,SPN0025,PGM005,2024-05-07,14,web
SES00678,SPN0086,PGM020,2025-11-26,10,android
SES00679,SPN0275,PGM010,2024-12-26,10,android
SES00680,SPN0079,PGM006,2025-12-15,8,ios
SES00681,SPN0163,PGM019,2025-08-19,19,web
SES00682,SPN0190,PGM006,2024-05-21,6,android
SES00683,SPN0163,PGM012,2025-08-24,16,web
SES00684,SPN0277,PGM006,2025-04-16,14,ios
SES00685,SPN0013,PGM013,2025-11-22,9,web
SES00686,SPN0164,PGM005,2024-02-14,15,android
SES00687,SPN0152,PGM016,2025-12-28,14,android
SES00688,SPN0076,PGM026,2025-09-22,15,android
SES00689,SPN0058,PGM024,2025-10-27,6,ios
SES00690,SPN0283,PGM004,2025-09-10,5,web
SES00691,SPN0113,PGM015,2025-08-26,7,web
SES00692,SPN0029,PGM020,2025-07-15,11,android
SES00693,SPN0270,PGM008,2025-11-05,13,ios
SES00694,SPN0012,PGM003,2025-08-29,19,android
SES00695,SPN0045,PGM017,2024-06-27,11,web
SES00696,SPN0163,PGM020,2025-12-19,6,android
SES00697,SPN0185,PGM013,2024-04-20,18,web
SES00698,SPN0198,PGM012,2023-11-20,14,web
SES00699,SPN0180,PGM010,2025-07-03,7,ios
SES00700,SPN0228,PGM024,2025-08-09,19,web
SES00701,SPN0084,PGM026,2025-09-20,18,ios
SES00702,SPN0045,PGM005,2023-12-19,14,web
SES00703,SPN0269,PGM011,2025-06-01,17,ios
SES00704,SPN0004,PGM014,2025-11-22,18,ios
SES00705,SPN0285,PGM015,2025-12-22,9,ios
SES00706,SPN0096,PGM027,2025-06-19,14,android
SES00707,SPN0252,PGM002,2024-07-22,14,web
SES00708,SPN0287,PGM024,2025-06-11,12,ios
SES00709,SPN0002,PGM005,2024-08-25,14,android
SES00710,SPN0242,PGM004,2025-12-11,14,web
SES00711,SPN0092,PGM016,2025-12-13,12,ios
SES00712,SPN0062,PGM025,2025-08-03,20,ios
SES00713,SPN0186,PGM019,2025-12-17,18,web
SES00714,SPN0244,PGM023,2025-05-26,16,android
SES00715,SPN0295,PGM001,2025-10-05,10,android
SES00716,SPN0030,PGM005,2025-11-15,19,android
SES00717,SPN0070,PGM012,2024-05-08,6,web
SES00718,SPN0185,PGM014,2025-09-02,16,ios
SES00719,SPN0149,PGM010,2025-03-11,7,android
SES00720,SPN0100,PGM025,2025-01-24,8,android
SES00721,SPN0086,PGM018,2025-01-22,15,android
SES00722,SPN0155,PGM009,2025-08-01,16,ios
SES00723,SPN0274,PGM019,2025-06-26,9,ios
SES00724,SPN0071,PGM017,2025-11-01,16,web
SES00725,SPN0211,PGM011,2025-05-16,8,ios
SES00726,SPN0080,PGM017,2025-07-28,11,android
SES00727,SPN0270,PGM028,2025-06-30,8,web
SES00728,SPN0236,PGM030,2024-10-19,8,ios
SES00729,SPN0009,PGM016,2025-08-11,14,android
SES00730,SPN0186,PGM005,2025-11-27,15,ios
SES00731,SPN0156,PGM001,2024-08-06,12,ios
SES00732,SPN0073,PGM023,2024-09-19,14,ios
SES00733,SPN0108,PGM005,2023-06-22,18,android
SES00734,SPN0058,PGM003,2024-07-13,20,web
SES00735,SPN0022,PGM007,2025-06-12,6,android
SES00736,SPN0263,PGM019,2025-04-26,20,ios
SES00737,SPN0130,PGM002,2025-12-06,14,android
SES00738,SPN0006,PGM025,2025-06-20,8,android
SES00739,SPN0106,PGM019,2025-11-15,11,ios
SES00740,SPN0180,PGM001,2023-07-07,9,android
SES00741,SPN0143,PGM019,2024-08-26,16,ios
SES00742,SPN0257,PGM025,2025-08-25,12,android
SES00743,SPN0292,PGM003,2025-08-24,5,android
SES00744,SPN0112,PGM023,2025-12-29,14,ios
SES00745,SPN0276,PGM001,2025-11-01,8,ios
SES00746,SPN0259,PGM028,2025-09-09,20,web
SES00747,SPN0095,PGM015,2024-07-11,10,web
SES00748,SPN0195,PGM014,2025-02-07,12,web
SES00749,SPN0058,PGM025,2025-05-11,8,web
SES00750,SPN0057,PGM017,2024-12-17,20,web
SES00751,SPN0148,PGM018,2025-04-12,6,ios
SES00752,SPN0168,PGM016,2025-06-02,17,web
SES00753,SPN0234,PGM020,2025-03-08,19,ios
SES00754,SPN0284,PGM014,2024-06-14,18,ios
SES00755,SPN0036,PGM029,2025-10-12,20,android
SES00756,SPN0189,PGM006,2025-09-16,20,android
SES00757,SPN0054,PGM013,2025-04-23,7,ios
SES00758,SPN0074,PGM013,2025-09-08,8,android
SES00759,SPN0087,PGM003,2025-09-24,11,web
SES00760,SPN0103,PGM020,2025-10-26,17,ios
SES00761,SPN0120,PGM027,2025-10-20,20,web
SES00762,SPN0298,PGM019,2025-04-01,17,web
SES00763,SPN0244,PGM022,2025-10-19,20,android
SES00764,SPN0143,PGM005,2025-10-30,19,ios
SES00765,SPN0063,PGM009,2025-03-17,20,ios
SES00766,SPN0069,PGM001,2024-12-31,6,ios
SES00767,SPN0256,PGM022,2023-04-28,10,web
SES00768,SPN0168,PGM005,2025-09-06,8,ios
SES00769,SPN0267,PGM025,2025-10-12,19,ios
SES00770,SPN0151,PGM022,2025-10-26,20,android
SES00771,SPN0134,PGM018,2025-01-31,5,ios
SES00772,SPN0221,PGM029,2025-02-20,17,web
SES00773,SPN0162,PGM028,2025-04-16,19,web
SES00774,SPN0019,PGM002,2023-12-09,14,android
SES00775,SPN0085,PGM016,2025-04-16,9,web
SES00776,SPN0200,PGM016,2025-08-21,20,android
SES00777,SPN0284,PGM022,2025-02-24,20,web
SES00778,SPN0288,PGM028,2024-11-03,6,web
SES00779,SPN0135,PGM016,2025-11-05,17,android
SES00780,SPN0181,PGM025,2024-02-07,15,ios
SES00781,SPN0015,PGM019,2025-11-07,9,web
SES00782,SPN0179,PGM026,2025-11-07,5,android
SES00783,SPN0175,PGM013,2025-01-31,18,web
SES00784,SPN0183,PGM014,2025-06-24,6,android
SES00785,SPN0126,PGM008,2023-11-21,14,android
SES00786,SPN0044,PGM030,2025-12-24,14,ios
SES00787,SPN0173,PGM006,2025-11-29,15,ios
SES00788,SPN0236,PGM022,2025-11-26,18,android
SES00789,SPN0264,PGM029,2025-09-08,13,ios
SES00790,SPN0241,PGM019,2025-04-26,15,web
SES00791,SPN0293,PGM013,2025-09-20,8,web
SES00792,SPN0052,PGM023,2025-01-23,15,web
SES00793,SPN0258,PGM026,2025-08-06,15,ios
SES00794,SPN0154,PGM012,2025-01-21,11,web
SES00795,SPN0039,PGM027,2025-09-17,11,web
SES00796,SPN0136,PGM002,2025-05-19,17,ios
SES00797,SPN0048,PGM023,2025-10-07,8,android
SES00798,SPN0173,PGM009,2025-12-02,20,web
SES00799,SPN0108,PGM012,2023-06-19,14,android
SES00800,SPN0154,PGM014,2025-09-11,15,ios
SES00801,SPN0213,PGM013,2025-02-18,19,android
SES00802,SPN0281,PGM006,2023-12-04,10,android
SES00803,SPN0256,PGM007,2025-10-17,13,android
SES00804,SPN0273,PGM026,2025-12-28,18,android
SES00805,SPN0031,PGM017,2025-07-22,16,web
SES00806,SPN0076,PGM008,2024-11-28,14,web
SES00807,SPN0211,PGM011,2025-03-26,11,web
SES00808,SPN0137,PGM027,2025-02-26,10,web
SES00809,SPN0121,PGM013,2025-02-07,8,ios
SES00810,SPN0099,PGM001,2025-09-30,14,web
SES00811,SPN0249,PGM018,2024-12-13,18,android
SES00812,SPN0019,PGM007,2023-11-21,13,ios
SES00813,SPN0015,PGM009,2025-12-25,13,android
SES00814,SPN0282,PGM006,2025-04-06,6,android
SES00815,SPN0249,PGM026,2023-10-14,6,ios
SES00816,SPN0161,PGM020,2024-09-07,7,web
SES00817,SPN0187,PGM022,2025-07-02,7,web
SES00818,SPN0072,PGM008,2024-11-13,8,android
SES00819,SPN0298,PGM025,2025-08-08,13,web
SES00820,SPN0047,PGM008,2025-02-20,8,web
SES00821,SPN0169,PGM027,2025-02-01,17,android
SES00822,SPN0121,PGM030,2025-08-15,11,ios
SES00823,SPN0055,PGM006,2024-12-23,13,web
SES00824,SPN0210,PGM009,2025-08-29,6,web
SES00825,SPN0274,PGM012,2024-10-24,15,android
SES00826,SPN0217,PGM016,2025-01-07,13,ios
SES00827,SPN0186,PGM016,2025-10-20,14,ios
SES00828,SPN0018,PGM027,2025-10-04,6,android
SES00829,SPN0123,PGM009,2025-04-19,14,android
SES00830,SPN0186,PGM029,2025-06-16,12,web
SES00831,SPN0199,PGM001,2025-05-30,13,web
SES00832,SPN0047,PGM030,2025-10-06,12,web
SES00833,SPN0108,PGM028,2023-12-07,19,android
SES00834,SPN0163,PGM029,2025-12-29,18,ios
SES00835,SPN0141,PGM028,2025-12-24,20,web
SES00836,SPN0212,PGM030,2024-09-25,18,ios
SES00837,SPN0083,PGM023,2025-01-08,7,web
SES00838,SPN0216,PGM020,2025-09-18,15,web
SES00839,SPN0015,PGM025,2025-11-08,10,android
SES00840,SPN0228,PGM026,2024-10-27,5,web
SES00841,SPN0103,PGM021,2024-04-22,15,android
SES00842,SPN0043,PGM004,2024-12-23,12,android
SES00843,SPN0067,PGM028,2025-11-08,15,web
SES00844,SPN0245,PGM028,2025-07-28,9,web
SES00845,SPN0089,PGM022,2025-12-28,15,web
SES00846,SPN0102,PGM003,2025-03-08,16,ios
SES00847,SPN0202,PGM029,2025-10-04,12,ios
SES00848,SPN0012,PGM030,2025-09-08,12,ios
SES00849,SPN0237,PGM007,2023-12-27,10,ios
SES00850,SPN0206,PGM020,2024-10-02,13,ios
SES00851,SPN0046,PGM012,2024-02-24,8,ios
SES00852,SPN0270,PGM014,2025-10-31,19,android
SES00853,SPN0254,PGM004,2024-03-28,11,ios
SES00854,SPN0137,PGM010,2025-09-27,17,ios
SES00855,SPN0221,PGM028,2025-04-06,11,web
SES00856,SPN0097,PGM014,2025-12-25,18,ios
SES00857,SPN0015,PGM010,2025-11-21,12,android
SES00858,SPN0231,PGM030,2024-06-20,16,android
SES00859,SPN0235,PGM003,2024-04-08,20,ios
SES00860,SPN0166,PGM023,2025-01-16,11,android
SES00861,SPN0197,PGM023,2025-05-17,13,ios
SES00862,SPN0049,PGM018,2024-08-26,6,web
SES00863,SPN0121,PGM016,2025-06-05,6,ios
SES00864,SPN0130,PGM017,2025-12-23,17,web
SES00865,SPN0203,PGM022,2025-12-30,9,android
SES00866,SPN0022,PGM019,2025-06-30,13,ios
SES00867,SPN0258,PGM016,2024-05-27,19,ios
SES00868,SPN0046,PGM011,2025-08-30,18,ios
SES00869,SPN0134,PGM004,2024-11-30,6,ios
SES00870,SPN0256,PGM028,2024-09-30,16,web
SES00871,SPN0145,PGM029,2025-12-18,13,android
SES00872,SPN0161,PGM014,2023-12-09,15,android
SES00873,SPN0252,PGM025,2024-02-18,19,ios
SES00874,SPN0097,PGM005,2025-12-23,12,ios
SES00875,SPN0019,PGM016,2024-03-03,10,android
SES00876,SPN0240,PGM014,2024-03-10,20,ios
SES00877,SPN0227,PGM012,2025-11-02,20,web
SES00878,SPN0253,PGM004,2025-09-23,9,ios
SES00879,SPN0179,PGM003,2025-02-05,14,ios
SES00880,SPN0087,PGM024,2025-10-31,13,android
SES00881,SPN0300,PGM007,2025-10-14,5,android
SES00882,SPN0293,PGM006,2025-11-07,7,ios
SES00883,SPN0256,PGM022,2023-09-14,15,ios
SES00884,SPN0146,PGM022,2025-08-12,8,web
SES00885,SPN0192,PGM019,2024-10-17,15,ios
SES00886,SPN0015,PGM003,2025-12-04,20,web
SES00887,SPN0138,PGM020,2024-05-12,15,ios
SES00888,SPN0232,PGM011,2025-11-11,9,ios
SES00889,SPN0025,PGM026,2025-03-01,14,web
SES00890,SPN0029,PGM024,2023-12-09,17,ios
SES00891,SPN0205,PGM009,2024-11-10,12,web
SES00892,SPN0046,PGM001,2024-04-03,10,web
SES00893,SPN0207,PGM010,2025-09-29,9,ios
SES00894,SPN0153,PGM016,2025-08-29,18,android
SES00895,SPN0159,PGM029,2025-11-15,9,web
SES00896,SPN0050,PGM027,2025-04-15,11,web
SES00897,SPN0229,PGM029,2025-11-24,20,web
SES00898,SPN0289,PGM020,2025-09-16,7,web
SES00899,SPN0189,PGM020,2025-10-08,18,android
SES00900,SPN0219,PGM003,2025-04-10,15,web
SES00901,SPN0115,PGM021,2025-10-17,9,web
SES00902,SPN0270,PGM021,2025-08-28,7,web
SES00903,SPN0240,PGM014,2024-02-02,20,web
SES00904,SPN0077,PGM005,2025-09-19,14,ios
SES00905,SPN0268,PGM014,2025-04-06,6,android
SES00906,SPN0040,PGM030,2024-08-12,8,android
SES00907,SPN0218,PGM014,2024-10-15,19,android
SES00908,SPN0292,PGM027,2025-10-02,16,web
SES00909,SPN0300,PGM003,2025-09-03,5,ios
SES00910,SPN0237,PGM006,2025-06-16,10,web
SES00911,SPN0024,PGM003,2025-12-21,14,web
SES00912,SPN0233,PGM025,2025-10-07,13,web
SES00913,SPN0096,PGM007,2024-11-30,7,android
SES00914,SPN0133,PGM028,2025-09-05,18,android
SES00915,SPN0010,PGM001,2025-11-25,8,ios
SES00916,SPN0088,PGM021,2025-10-27,19,android
SES00917,SPN0208,PGM028,2025-09-27,20,web
SES00918,SPN0185,PGM023,2025-10-10,17,web
SES00919,SPN0045,PGM005,2023-10-06,5,ios
SES00920,SPN0058,PGM027,2024-07-10,11,ios
SES00921,SPN0108,PGM016,2023-11-06,12,web
SES00922,SPN0276,PGM007,2024-01-17,14,web
SES00923,SPN0076,PGM016,2025-09-02,5,ios
SES00924,SPN0086,PGM029,2024-10-27,19,web
SES00925,SPN0242,PGM001,2025-10-20,12,ios
SES00926,SPN0151,PGM019,2025-09-29,6,web
SES00927,SPN0005,PGM004,2025-09-11,18,web
SES00928,SPN0297,PGM020,2025-06-28,14,ios
SES00929,SPN0250,PGM013,2025-11-13,20,ios
SES00930,SPN0032,PGM017,2023-05-10,18,android
SES00931,SPN0162,PGM018,2023-07-16,13,android
SES00932,SPN0214,PGM029,2025-03-18,8,web
SES00933,SPN0178,PGM015,2025-02-28,18,ios
SES00934,SPN0083,PGM010,2025-09-03,11,web
SES00935,SPN0177,PGM015,2025-11-09,12,android
SES00936,SPN0174,PGM030,2025-11-12,19,ios
SES00937,SPN0151,PGM024,2025-12-20,17,web
SES00938,SPN0185,PGM026,2025-03-18,10,android
SES00939,SPN0107,PGM010,2023-08-05,20,ios
SES00940,SPN0089,PGM007,2025-12-01,20,ios
SES00941,SPN0213,PGM016,2025-04-12,12,ios
SES00942,SPN0286,PGM002,2024-04-14,16,web
SES00943,SPN0183,PGM022,2024-12-09,10,android
SES00944,SPN0017,PGM026,2024-11-26,15,web
SES00945,SPN0059,PGM020,2024-02-26,8,android
SES00946,SPN0115,PGM016,2025-03-12,15,web
SES00947,SPN0024,PGM025,2025-12-30,13,ios
SES00948,SPN0264,PGM020,2025-11-11,8,android
SES00949,SPN0026,PGM030,2025-06-18,19,ios
SES00950,SPN0055,PGM026,2025-07-14,8,android
SES00951,SPN0022,PGM017,2025-06-11,10,android
SES00952,SPN0061,PGM028,2025-01-16,16,ios
SES00953,SPN0150,PGM023,2025-07-18,20,android
SES00954,SPN0051,PGM005,2025-05-16,16,web
SES00955,SPN0071,PGM004,2025-10-11,19,web
SES00956,SPN0004,PGM008,2025-12-18,15,web
SES00957,SPN0259,PGM006,2023-12-12,13,web
SES00958,SPN0213,PGM012,2025-02-12,9,android
SES00959,SPN0216,PGM026,2025-01-04,9,web
SES00960,SPN0212,PGM030,2024-12-13,19,android
SES00961,SPN0186,PGM001,2025-11-27,9,ios
SES00962,SPN0265,PGM003,2024-02-03,15,web
SES00963,SPN0206,PGM025,2024-01-05,18,ios
SES00964,SPN0202,PGM025,2025-04-12,9,android
SES00965,SPN0030,PGM021,2025-11-09,18,web
SES00966,SPN0284,PGM028,2024-06-28,15,web
SES00967,SPN0005,PGM027,2025-04-08,9,android
SES00968,SPN0207,PGM015,2025-09-26,11,android
SES00969,SPN0227,PGM023,2025-07-14,17,ios
SES00970,SPN0155,PGM003,2023-10-07,15,web
SES00971,SPN0065,PGM017,2025-10-19,14,ios
SES00972,SPN0048,PGM017,2025-09-10,14,android
SES00973,SPN0175,PGM025,2025-11-03,10,ios
SES00974,SPN0015,PGM029,2025-12-25,13,ios
SES00975,SPN0156,PGM024,2025-06-13,8,android
SES00976,SPN0031,PGM027,2025-09-04,13,android
SES00977,SPN0260,PGM012,2025-12-23,6,android
SES00978,SPN0064,PGM015,2024-08-31,5,web
SES00979,SPN0174,PGM008,2025-12-18,12,web
SES00980,SPN0154,PGM010,2025-09-14,9,android
SES00981,SPN0194,PGM017,2025-11-23,12,ios
SES00982,SPN0168,PGM017,2025-07-11,16,web
SES00983,SPN0051,PGM005,2025-07-21,18,web
SES00984,SPN0042,PGM003,2023-07-02,18,ios
SES00985,SPN0244,PGM007,2025-11-09,7,web
SES00986,SPN0270,PGM013,2025-07-29,17,web
SES00987,SPN0300,PGM016,2025-11-10,18,web
SES00988,SPN0251,PGM024,2025-05-26,10,ios
SES00989,SPN0259,PGM005,2025-01-24,19,ios
SES00990,SPN0263,PGM028,2025-12-22,8,android
SES00991,SPN0109,PGM015,2025-07-24,6,android
SES00992,SPN0081,PGM018,2025-04-11,8,android
SES00993,SPN0210,PGM004,2024-05-06,16,android
SES00994,SPN0149,PGM002,2025-03-04,9,ios
SES00995,SPN0191,PGM010,2025-08-06,14,web
SES00996,SPN0249,PGM001,2025-12-12,9,ios
SES00997,SPN0216,PGM002,2025-12-11,14,web
SES00998,SPN0111,PGM006,2025-12-14,5,ios
SES00999,SPN0281,PGM012,2024-01-23,6,web
SES01000,SPN0247,PGM019,2025-01-11,19,web
SES01001,SPN0194,PGM016,2025-11-14,9,ios
SES01002,SPN0259,PGM021,2024-12-30,19,android
SES01003,SPN0230,PGM005,2025-09-06,7,android
SES01004,SPN0210,PGM013,2024-08-29,17,web
SES01005,SPN0277,PGM002,2025-09-03,19,android
SES01006,SPN0143,PGM021,2023-12-04,10,android
SES01007,SPN0013,PGM019,2025-12-26,14,android
SES01008,SPN0064,PGM021,2025-05-25,7,ios
SES01009,SPN0278,PGM019,2025-12-22,11,web
SES01010,SPN0258,PGM029,2023-07-04,8,android
SES01011,SPN0273,PGM006,2024-04-27,13,ios
SES01012,SPN0126,PGM027,2025-03-17,19,ios
SES01013,SPN0274,PGM020,2025-05-25,17,android
SES01014,SPN0024,PGM016,2025-11-26,15,web
SES01015,SPN0093,PGM014,2025-03-09,15,web
SES01016,SPN0132,PGM003,2024-09-11,8,android
SES01017,SPN0087,PGM010,2025-07-29,10,web
SES01018,SPN0046,PGM005,2024-07-13,18,android
SES01019,SPN0087,PGM002,2025-11-27,15,ios
SES01020,SPN0014,PGM023,2024-02-29,14,web
SES01021,SPN0051,PGM011,2023-12-16,18,web
SES01022,SPN0133,PGM013,2025-09-08,6,ios
SES01023,SPN0123,PGM025,2024-06-20,20,android
SES01024,SPN0259,PGM013,2024-01-11,13,ios
SES01025,SPN0163,PGM015,2025-12-06,18,ios
SES01026,SPN0248,PGM001,2024-12-20,12,ios
SES01027,SPN0138,PGM018,2025-12-28,8,ios
SES01028,SPN0285,PGM021,2025-10-09,14,android
SES01029,SPN0209,PGM015,2025-06-22,11,ios
SES01030,SPN0192,PGM018,2024-12-20,12,android
SES01031,SPN0217,PGM030,2025-11-19,19,ios
SES01032,SPN0001,PGM027,2025-07-13,14,android
SES01033,SPN0086,PGM001,2024-09-09,20,web
SES01034,SPN0129,PGM027,2025-11-04,16,android
SES01035,SPN0109,PGM019,2025-08-31,14,ios
SES01036,SPN0083,PGM024,2025-05-28,7,web
SES01037,SPN0046,PGM013,2025-08-18,8,ios
SES01038,SPN0285,PGM009,2025-11-17,11,android
SES01039,SPN0259,PGM026,2024-08-06,15,android
SES01040,SPN0134,PGM025,2025-09-12,13,ios
SES01041,SPN0165,PGM011,2024-06-04,19,android
SES01042,SPN0169,PGM001,2025-05-22,9,android
SES01043,SPN0002,PGM020,2025-11-06,5,ios
SES01044,SPN0089,PGM014,2025-12-26,20,web
SES01045,SPN0276,PGM003,2025-08-15,7,android
SES01046,SPN0016,PGM029,2025-10-14,19,android
SES01047,SPN0064,PGM012,2024-11-19,16,web
SES01048,SPN0091,PGM027,2025-12-23,5,ios
SES01049,SPN0237,PGM012,2025-11-16,11,web
SES01050,SPN0005,PGM008,2024-07-16,13,android
SES01051,SPN0184,PGM007,2025-09-30,14,android
SES01052,SPN0114,PGM008,2025-11-03,16,ios
SES01053,SPN0144,PGM016,2025-09-26,11,ios
SES01054,SPN0101,PGM027,2025-06-13,8,web
SES01055,SPN0292,PGM017,2025-12-03,10,android
SES01056,SPN0100,PGM022,2025-01-16,7,android
SES01057,SPN0066,PGM024,2024-07-31,9,web
SES01058,SPN0292,PGM028,2025-09-26,13,ios
SES01059,SPN0012,PGM023,2025-11-09,13,android
SES01060,SPN0287,PGM029,2025-06-01,5,web
SES01061,SPN0027,PGM028,2024-04-13,18,web
SES01062,SPN0141,PGM004,2025-12-31,19,web
SES01063,SPN0186,PGM017,2025-05-07,12,ios
SES01064,SPN0143,PGM030,2024-11-08,19,web
SES01065,SPN0003,PGM013,2024-09-23,15,ios
SES01066,SPN0293,PGM026,2025-04-20,12,android
SES01067,SPN0217,PGM003,2025-01-10,11,ios
SES01068,SPN0169,PGM010,2023-08-17,8,ios
SES01069,SPN0246,PGM014,2024-11-26,15,web
SES01070,SPN0127,PGM004,2025-09-27,12,web
SES01071,SPN0028,PGM027,2025-04-08,12,ios
SES01072,SPN0225,PGM025,2024-01-02,19,android
SES01073,SPN0064,PGM003,2024-01-01,6,web
SES01074,SPN0161,PGM029,2023-05-19,9,ios
SES01075,SPN0227,PGM002,2025-06-22,18,ios
SES01076,SPN0053,PGM022,2025-02-23,6,web
SES01077,SPN0196,PGM013,2025-04-13,18,ios
SES01078,SPN0006,PGM015,2025-09-02,19,web
SES01079,SPN0052,PGM011,2024-07-23,19,android
SES01080,SPN0169,PGM019,2023-12-28,8,ios
SES01081,SPN0007,PGM020,2025-10-10,7,android
SES01082,SPN0100,PGM029,2024-11-27,13,web
SES01083,SPN0216,PGM016,2025-09-16,19,ios
SES01084,SPN0125,PGM005,2025-10-22,6,ios
SES01085,SPN0066,PGM010,2025-08-15,16,web
SES01086,SPN0299,PGM029,2025-02-26,9,ios
SES01087,SPN0241,PGM010,2025-10-07,14,web
SES01088,SPN0005,PGM017,2024-11-21,6,ios
SES01089,SPN0260,PGM027,2025-12-30,6,web
SES01090,SPN0177,PGM007,2025-11-05,11,ios
SES01091,SPN0175,PGM007,2025-11-19,20,android
SES01092,SPN0240,PGM020,2025-10-22,15,android
SES01093,SPN0290,PGM011,2025-02-16,18,web
SES01094,SPN0084,PGM004,2025-10-05,6,web
SES01095,SPN0113,PGM030,2025-05-27,12,android
SES01096,SPN0118,PGM015,2024-12-21,11,ios
SES01097,SPN0247,PGM024,2025-02-02,17,ios
SES01098,SPN0205,PGM006,2025-10-07,5,web
SES01099,SPN0006,PGM003,2025-08-26,5,android
SES01100,SPN0059,PGM005,2024-05-01,19,ios
SES01101,SPN0300,PGM030,2025-06-22,6,ios
SES01102,SPN0102,PGM007,2024-12-31,10,ios
SES01103,SPN0135,PGM024,2024-09-04,15,android
SES01104,SPN0126,PGM006,2023-10-12,5,ios
SES01105,SPN0135,PGM030,2024-06-21,5,android
SES01106,SPN0071,PGM013,2025-09-18,15,ios
SES01107,SPN0157,PGM015,2025-08-25,16,web
SES01108,SPN0088,PGM017,2025-12-30,18,android
SES01109,SPN0034,PGM004,2024-06-23,9,ios
SES01110,SPN0099,PGM018,2025-10-17,16,web
SES01111,SPN0220,PGM021,2025-11-14,6,android
SES01112,SPN0097,PGM028,2025-12-31,14,ios
SES01113,SPN0168,PGM008,2025-05-01,13,ios
SES01114,SPN0261,PGM019,2025-01-04,11,android
SES01115,SPN0042,PGM026,2024-08-23,7,ios
SES01116,SPN0261,PGM013,2025-09-30,16,web
SES01117,SPN0266,PGM015,2023-12-24,15,android
SES01118,SPN0192,PGM017,2025-11-07,20,web
SES01119,SPN0138,PGM019,2025-06-21,6,ios
SES01120,SPN0113,PGM029,2025-07-17,19,ios
SES01121,SPN0203,PGM007,2025-12-30,18,web
SES01122,SPN0293,PGM006,2025-10-16,13,android
SES01123,SPN0044,PGM005,2025-12-24,14,web
SES01124,SPN0266,PGM012,2024-02-14,6,web
SES01125,SPN0263,PGM020,2025-09-15,18,web
SES01126,SPN0240,PGM014,2025-01-04,16,web
SES01127,SPN0163,PGM009,2025-10-23,5,ios
SES01128,SPN0227,PGM008,2025-06-03,7,web
SES01129,SPN0043,PGM010,2025-12-09,7,web
SES01130,SPN0117,PGM004,2023-08-16,7,web
SES01131,SPN0020,PGM018,2025-12-27,15,ios
SES01132,SPN0169,PGM009,2024-04-18,13,ios
SES01133,SPN0071,PGM028,2025-10-26,5,web
SES01134,SPN0145,PGM027,2025-12-21,17,web
SES01135,SPN0297,PGM025,2025-04-12,5,web
SES01136,SPN0263,PGM025,2025-06-11,17,ios
SES01137,SPN0117,PGM024,2025-05-23,11,web
SES01138,SPN0120,PGM017,2025-11-10,19,android
SES01139,SPN0237,PGM011,2025-06-21,7,web
SES01140,SPN0097,PGM014,2025-12-29,11,web
SES01141,SPN0231,PGM028,2023-03-31,16,ios
SES01142,SPN0296,PGM028,2023-12-14,14,android
SES01143,SPN0005,PGM016,2025-06-24,15,ios
SES01144,SPN0215,PGM014,2025-08-21,17,android
SES01145,SPN0276,PGM010,2024-09-18,5,android
SES01146,SPN0017,PGM030,2025-01-04,9,web
SES01147,SPN0291,PGM021,2025-10-10,17,ios
SES01148,SPN0201,PGM003,2025-05-13,17,ios
SES01149,SPN0244,PGM004,2025-09-10,19,android
SES01150,SPN0156,PGM003,2024-09-29,8,android
SES01151,SPN0284,PGM006,2023-09-23,20,ios
SES01152,SPN0096,PGM007,2024-08-04,17,web
SES01153,SPN0106,PGM008,2024-03-01,7,web
SES01154,SPN0030,PGM012,2025-08-28,10,web
SES01155,SPN0211,PGM013,2025-05-13,8,ios
SES01156,SPN0275,PGM014,2025-05-26,7,web
SES01157,SPN0106,PGM005,2025-10-15,11,web
SES01158,SPN0222,PGM027,2025-09-26,10,android
SES01159,SPN0295,PGM010,2025-12-28,11,android
SES01160,SPN0235,PGM009,2024-10-21,5,ios
SES01161,SPN0229,PGM003,2025-11-27,12,android
SES01162,SPN0169,PGM030,2025-01-16,20,web
SES01163,SPN0237,PGM019,2023-05-13,7,web
SES01164,SPN0234,PGM012,2025-02-21,17,android
SES01165,SPN0090,PGM014,2025-01-06,10,android
SES01166,SPN0222,PGM015,2025-06-25,10,android
SES01167,SPN0292,PGM004,2025-11-07,6,ios
SES01168,SPN0081,PGM009,2025-12-29,14,android
SES01169,SPN0035,PGM023,2025-11-15,11,web
SES01170,SPN0211,PGM025,2025-12-02,8,web
SES01171,SPN0040,PGM025,2024-10-12,15,web
SES01172,SPN0231,PGM006,2024-06-29,11,android
SES01173,SPN0023,PGM015,2024-10-13,7,android
SES01174,SPN0237,PGM013,2024-03-19,17,ios
SES01175,SPN0204,PGM002,2023-03-25,13,ios
SES01176,SPN0070,PGM011,2025-10-09,19,web
SES01177,SPN0237,PGM003,2023-06-26,12,android
SES01178,SPN0225,PGM005,2025-01-21,13,ios
SES01179,SPN0088,PGM027,2025-08-29,8,ios
SES01180,SPN0151,PGM004,2025-11-04,17,ios
SES01181,SPN0040,PGM022,2024-07-08,13,ios
SES01182,SPN0226,PGM012,2025-06-14,11,android
SES01183,SPN0018,PGM029,2025-09-01,11,web
SES01184,SPN0025,PGM027,2025-02-20,8,web
SES01185,SPN0158,PGM015,2023-06-26,5,ios
SES01186,SPN0194,PGM025,2025-02-22,12,web
SES01187,SPN0123,PGM007,2023-08-28,5,web
SES01188,SPN0015,PGM001,2025-11-26,11,android
SES01189,SPN0033,PGM008,2025-05-23,10,android
SES01190,SPN0086,PGM002,2025-03-10,8,web
SES01191,SPN0166,PGM018,2025-09-07,11,android
SES01192,SPN0107,PGM030,2025-04-29,18,ios
SES01193,SPN0119,PGM007,2023-09-15,16,web
SES01194,SPN0089,PGM001,2025-12-16,15,ios
SES01195,SPN0200,PGM007,2025-11-18,12,ios
SES01196,SPN0143,PGM021,2025-06-04,16,ios
SES01197,SPN0035,PGM029,2025-07-08,18,web
SES01198,SPN0256,PGM004,2024-02-19,13,ios
SES01199,SPN0167,PGM021,2025-08-25,17,android
SES01200,SPN0069,PGM011,2025-02-08,15,android
